id,release_year,main_genre,director,vote_average,vote_count,profit
19995,2009,Action,James Cameron,7.2,11800,2550965087
285,2007,Adventure,Gore Verbinski,6.9,4500,661000000
206647,2015,Action,Sam Mendes,6.3,4466,635674609
49026,2012,Action,Christopher Nolan,7.6,9106,834939099
49529,2012,Action,Andrew Stanton,6.1,2124,24139100
559,2007,Fantasy,Sam Raimi,5.9,3576,632871626
38757,2010,Animation,Byron Howard,7.4,3330,331794936
99861,2015,Action,Joss Whedon,7.3,6767,1125403694
767,2009,Adventure,David Yates,7.4,5293,683959197
209112,2016,Action,Zack Snyder,5.7,7004,623260194
1452,2006,Adventure,Bryan Singer,5.4,1400,121081192
10764,2008,Adventure,Marc Forster,6.1,2965,386090727
58,2006,Adventure,Gore Verbinski,7.0,5246,865659812
57201,2013,Action,Gore Verbinski,5.9,2311,-165710090
49521,2013,Action,Zack Snyder,6.5,6359,437845518
2454,2008,Adventure,Andrew Adamson,6.3,1630,194651413
24428,2012,Science Fiction,Joss Whedon,7.4,11776,1299557910
1865,2011,Adventure,Rob Marshall,6.4,4948,665713802
41154,2012,Action,Barry Sonnenfeld,6.2,4160,399026776
122917,2014,Action,Peter Jackson,7.1,4760,706019788
1930,2012,Action,Marc Webb,6.5,6586,537215857
20662,2010,Action,Ridley Scott,6.2,1398,110669540
57158,2013,Adventure,Peter Jackson,7.6,4524,708400000
2268,2007,Adventure,Chris Weitz,5.8,1303,192234864
254,2005,Adventure,Peter Jackson,6.6,2337,343000000
597,1997,Drama,James Cameron,7.5,7562,1645034188
271110,2016,Adventure,Anthony Russo,7.1,7241,903304495
44833,2012,Thriller,Peter Berg,5.5,2114,94025485
135397,2015,Action,Colin Trevorrow,6.5,8662,1363528810
37724,2012,Action,Sam Mendes,6.9,7604,908561013
558,2004,Action,Sam Raimi,6.7,4321,583766341
68721,2013,Action,Shane Black,6.8,8806,1015439994
12155,2010,Family,Tim Burton,6.4,4645,825491110
36668,2006,Adventure,Brett Ratner,6.3,3525,249359555
62211,2013,Animation,Dan Scanlon,7.0,3528,543559607
8373,2009,Science Fiction,Michael Bay,6.0,3138,686297228
91314,2014,Science Fiction,Michael Bay,5.8,3095,881405097
68728,2013,Fantasy,Sam Raimi,5.7,3530,291868548
102382,2014,Action,Marc Webb,6.5,4179,505717432
20526,2010,Adventure,Joseph Kosinski,6.3,2841,230062763
49013,2011,Animation,John Lasseter,5.8,2033,359852396
44912,2011,Adventure,Martin Campbell,5.1,2487,19851172
10193,2010,Animation,Lee Unkrich,7.6,4597,866969703
534,2009,Action,McG,5.9,2463,171353001
168259,2015,Action,James Wan,7.3,4176,1316249360
72190,2013,Action,Marc Forster,6.7,5560,331865000
127585,2014,Action,Bryan Singer,7.5,6032,497862775
54138,2013,Action,J.J. Abrams,7.4,4418,277365246
81005,2013,Action,Bryan Singer,5.5,2598,2687603
64682,2013,Drama,Baz Luhrmann,7.3,3769,246040419
9543,2010,Adventure,Mike Newell,6.2,2317,185154643
68726,2013,Action,Guillermo del Toro,6.7,4794,227602906
38356,2011,Action,Michael Bay,6.1,3299,928746996
217,2008,Adventure,Steven Spielberg,5.7,2495,601636033
105864,2015,Adventure,Peter Sohn,6.6,1736,156926147
62177,2012,Animation,Brenda Chapman,6.7,4641,353983207
188927,2016,Action,Justin Lin,6.6,2568,158471816
10681,2008,Animation,Andrew Stanton,7.8,6296,341311860
5174,2007,Action,Brett Ratner,6.1,783,118022233
14161,2009,Action,Roland Emmerich,5.6,4903,569653595
17979,2009,Animation,Robert Zemeckis,6.6,1095,125233863
76757,2015,Science Fiction,Lilly Wachowski,5.2,2768,7987720
258489,2016,Action,David Yates,5.5,2430,176743061
411,2005,Adventure,Andrew Adamson,6.7,2629,568806957
246655,2016,Science Fiction,Bryan Singer,6.4,4721,365934787
155,2008,Drama,Christopher Nolan,8.2,12002,819558444
14160,2009,Animation,Pete Docter,7.7,6870,560099082
15512,2009,Animation,Conrad Vernon,6.0,1423,206509870
1726,2008,Action,Jon Favreau,7.4,8776,445174222
44826,2011,Adventure,Martin Scorsese,7.0,2141,15770160
8487,1999,Action,Barry Sonnenfeld,5.1,1020,52104681
1735,2008,Adventure,Rob Cohen,5.2,1387,256128639
297761,2016,Action,David Ayer,5.9,7458,570000000
2698,2007,Fantasy,Tom Shadyac,5.3,1151,-2000000
137113,2014,Action,Doug Liman,7.6,4858,192541256
9804,1995,Adventure,Kevin Reynolds,5.9,992,89218220
14869,2009,Adventure,Stephen Sommers,5.6,1962,127469017
150540,2015,Drama,Pete Docter,8.0,6560,682611174
278927,2016,Family,Jon Favreau,6.7,2892,791550600
10138,2010,Adventure,Jon Favreau,6.6,6849,423933331
58595,2012,Adventure,Rupert Sanders,5.8,3118,226600000
102651,2014,Fantasy,Robert Stromberg,7.0,4496,578539785
119450,2014,Science Fiction,Matt Reeves,7.3,4410,540644566
79698,2015,Action,Roland Joffé,4.8,34,-27000000
64686,2013,Drama,Carl Rinsch,5.9,1326,-24037525
100402,2014,Action,Anthony Russo,7.6,5764,544766572
10192,2010,Comedy,Mike Mitchell,6.0,1959,587600867
158852,2015,Adventure,Brad Bird,6.2,2846,19154322
177572,2014,Adventure,Chris Williams,7.8,6135,487105443
82690,2012,Family,Rich Moore,7.1,4570,306222889
5255,2004,Adventure,Robert Zemeckis,6.4,1474,140875730
47933,2016,Action,Roland Emmerich,4.9,2491,224681935
10191,2010,Fantasy,Chris Sanders,7.5,4227,329878759
296,2003,Action,Jonathan Mostow,5.9,2143,235000000
118340,2014,Action,James Gunn,7.9,9742,603328629
157336,2014,Adventure,Christopher Nolan,8.1,10867,510120017
27205,2010,Action,Christopher Nolan,8.1,13752,665532764
315011,2016,Action,Hideaki Anno,6.5,143,62000000
49051,2012,Adventure,Peter Jackson,7.0,8297,771103568
9799,2001,Action,Rob Cohen,6.6,3428,169283925
4922,2008,Fantasy,David Fincher,7.3,3292,183932083
49538,2011,Action,Matthew Vaughn,7.1,5181,193624124
131634,2015,Action,Francis Lawrence,6.6,3984,493428261
27022,2010,Fantasy,Jon Turteltaub,5.8,1470,65283742
503,2006,Adventure,Wolfgang Petersen,5.5,583,21674817
241259,2016,Fantasy,James Bobin,6.5,1725,129370084
810,2007,Fantasy,Chris Miller,6.0,2278,638958165
68735,2016,Action,Duncan Jones,6.3,2268,273677183
87101,2015,Science Fiction,Alan Taylor,5.8,3631,285603537
10140,2010,Adventure,Michael Apted,6.2,1514,260686217
676,2001,History,Michael Bay,6.6,1791,309220945
1858,2007,Adventure,Michael Bay,6.6,4040,559709780
1966,2004,War,Oliver Stone,5.6,927,12298192
675,2007,Adventure,David Yates,7.4,5494,788212738
674,2005,Adventure,Mike Newell,7.5,5608,745921036
8960,2008,Fantasy,Peter Berg,6.2,2961,474029371
6479,2007,Drama,Francis Lawrence,6.9,4853,435349010
118,2005,Adventure,Tim Burton,6.7,3624,324968763
2062,2007,Animation,Jan Pinkava,7.5,4369,473722818
272,2005,Action,Christopher Nolan,7.5,7359,224218673
10527,2008,Family,Eric Darnell,6.2,1810,453900354
18360,2009,Adventure,Shawn Levy,5.9,1971,263106170
2080,2009,Adventure,Gavin Hood,6.2,4021,223062864
605,2003,Adventure,Lilly Wachowski,6.4,3096,274988211
109445,2013,Animation,Chris Buck,7.3,5295,1124219009
604,2003,Adventure,Lilly Wachowski,6.7,3443,588599701
76338,2013,Action,Alan Taylor,6.8,4755,474571402
76341,2015,Action,George Miller,7.2,9427,228858340
13448,2009,Thriller,Ron Howard,6.5,2129,206613439
10195,2011,Adventure,Kenneth Branagh,6.6,6525,299326618
13053,2008,Animation,Chris Williams,6.3,1750,159979994
19585,2009,Fantasy,Hoyt Yeatman,5.1,510,142817841
57165,2012,Adventure,Jonathan Liebesman,5.5,1431,151000000
62213,2012,Comedy,Tim Burton,5.7,2320,95527149
177677,2015,Action,Christopher McQuarrie,7.1,3224,532330139
7978,2010,Drama,Joe Johnston,5.5,549,-150000000
5559,2007,Family,Steve Hickner,5.7,1171,137594577
49444,2011,Animation,Jennifer Yuh Nelson,6.7,1880,515692281
10196,2010,Action,M. Night Shyamalan,4.7,1151,168502923
956,2006,Adventure,J.J. Abrams,6.5,2028,247850012
117251,2013,Action,Roland Emmerich,6.4,1891,55366737
50321,2011,Adventure,Simon Wells,5.5,199,-111007242
11619,2006,Adventure,David Bowers,6.0,874,-84540684
266647,2015,Adventure,Joe Wright,5.9,954,-21611680
82703,2014,Animation,Rob Minkoff,6.7,843,127912430
652,2004,Adventure,Wolfgang Petersen,6.9,2759,322409852
80321,2012,Animation,Conrad Vernon,6.4,1808,601921274
36669,2002,Adventure,Lee Tamahori,5.8,1092,291971116
43074,2016,Action,Paul Feig,5.3,2142,85147509
95,1998,Action,Michael Bay,6.4,2482,413799566
608,2002,Action,Barry Sonnenfeld,6.0,3114,301818803
2310,2007,Adventure,Robert Zemeckis,5.5,841,125735876
140300,2016,Action,Jennifer Yuh Nelson,6.7,1603,376170825
56292,2011,Action,Brad Bird,6.8,3972,549713380
81188,2012,Fantasy,Peter Ramsey,7.1,1922,161941670
7552,2005,Comedy,Dean Parisot,5.9,627,102026112
616,2003,Drama,Edward Zwick,7.3,1895,316758981
147441,2014,Adventure,Ridley Scott,5.6,1921,128031828
13475,2009,Science Fiction,J.J. Abrams,7.4,4518,235680446
557,2002,Fantasy,Sam Raimi,6.8,5265,682708551
82702,2014,Fantasy,Dean DeBlois,7.6,3106,464123048
205584,2016,Fantasy,Alex Proyas,5.3,1277,10680864
10048,2005,Action,Rob Cohen,4.9,331,-58067057
13183,2009,Action,Zack Snyder,7.0,2811,55258983
944,1998,Action,Richard Donner,6.3,767,145444603
1927,2003,Drama,Ang Lee,5.3,1533,108360480
72559,2013,Adventure,Jon M. Chu,5.4,3025,241876278
7364,2005,Action,Breck Eisner,5.7,434,-10730514
2114,2001,Adventure,Hironobu Sakaguchi,5.9,433,-51868170
1771,2011,Action,Joe Johnston,6.6,7047,230569774
36643,1999,Adventure,Michael Apted,6.0,862,226832400
8619,2003,Adventure,Peter Weir,6.9,790,62011111
50620,2012,Adventure,Bill Condon,6.1,2553,709000000
65759,2011,Animation,George Miller,5.8,373,20406466
1724,2008,Science Fiction,Louis Leterrier,6.1,3021,13712074
267935,2016,Adventure,Steven Spielberg,6.0,1000,43345589
281957,2015,Western,Alejandro González Iñárritu,7.3,6396,397950503
77950,2013,Animation,David Soren,6.1,1074,147570682
44896,2011,Animation,Gore Verbinski,6.6,2051,110724603
270946,2014,Family,Eric Darnell,6.5,1346,241552094
2503,2007,Action,Paul Greengrass,7.3,2888,372824138
9502,2008,Adventure,Mark Osborne,6.9,3145,501744560
102899,2015,Science Fiction,Peyton Reed,7.0,5880,389311965
101299,2013,Adventure,Francis Lawrence,7.4,6495,717423452
228161,2015,Fantasy,Tim Johnson,6.8,1519,233871007
74,2005,Adventure,Steven Spielberg,6.2,2322,459739379
8961,2003,Adventure,Michael Bay,6.3,1564,143339556
417859,2011,Action,Chris Miller,6.4,451,424987477
27576,2010,Action,Phillip Noyce,6.2,2093,183329073
86834,2014,Drama,Darren Aronofsky,5.6,2350,237637473
17578,2011,Adventure,Steven Spielberg,6.7,2061,241940071
673,2004,Adventure,Alfonso Cuarón,7.7,5877,659804554
6972,2008,Drama,Baz Luhrmann,6.3,694,-80445998
82700,2013,Science Fiction,M. Night Shyamalan,5.0,2532,113843127
10567,2000,Animation,Ralph Zondag,6.2,542,226748063
181533,2014,Adventure,Shawn Levy,6.1,1851,222424282
38055,2010,Animation,Tom McGrath,6.7,1918,191887208
671,2001,Adventure,Chris Columbus,7.5,7006,851475550
49524,2013,Fantasy,Robert Schwentke,5.4,1260,-68351500
22,2003,Adventure,Gore Verbinski,7.5,6985,515011224
131631,2014,Science Fiction,Francis Lawrence,6.6,5584,627100229
591,2006,Thriller,Ron Howard,6.5,2704,642820459
172385,2014,Animation,Carlos Saldanha,6.3,978,397188435
36658,2003,Adventure,Bryan Singer,6.8,3506,297711549
51497,2011,Action,Justin Lin,7.1,2438,501137675
58574,2011,Adventure,Guy Ritchie,7.0,3886,209615000
18823,2010,Adventure,Louis Leterrier,5.6,2233,107713139
861,1990,Action,Paul Verhoeven,7.1,1710,196317921
1911,1999,Adventure,John McTiernan,6.4,510,-98301101
49040,2012,Action,Tony Gilroy,6.0,2651,146572938
415,1997,Action,Joel Schumacher,4.2,1418,113207122
8871,2000,Family,Ron Howard,6.2,1386,222141403
435,2004,Action,Roland Emmerich,6.2,2392,419272402
955,2000,Adventure,John Woo,5.9,1928,421388105
2133,2000,Drama,Wolfgang Petersen,6.2,597,205756637
1979,2007,Adventure,Tim Story,5.4,2589,159047763
87827,2012,Adventure,Ang Lee,7.2,5797,489016565
1250,2007,Thriller,Mark Steven Johnson,5.2,1712,118738393
324668,2016,Action,Paul Greengrass,5.9,2341,295484914
9471,2003,Action,McG,5.2,914,139175788
70981,2012,Science Fiction,Ridley Scott,6.3,5080,273170142
10996,2002,Family,Rob Minkoff,5.4,613,49956806
68724,2013,Science Fiction,Neill Blomkamp,6.4,3439,171140700
2789,2004,Action,David Twohy,6.3,1570,10772733
97020,2014,Action,José Padilha,5.7,2342,122688965
7459,2008,Action,Lilly Wachowski,5.7,354,-26054234
42888,2010,Comedy,James L. Brooks,4.9,223,-71331093
37834,2010,Action,James Mangold,5.9,1547,144930431
75612,2013,Action,Joseph Kosinski,6.4,4800,166168572
1895,2005,Science Fiction,George Lucas,7.1,4116,737000000
1894,2002,Adventure,George Lucas,6.4,3992,529398328
585,2001,Animation,Pete Docter,7.5,5996,447816256
76170,2013,Action,James Mangold,6.3,4053,295440673
1893,1999,Adventure,George Lucas,6.3,4432,809317558
49519,2013,Adventure,Chris Sanders,6.8,2399,450178928
2395,2008,Fantasy,Thomas Langmann,5.0,471,35649600
12100,2002,Drama,John Woo,5.8,341,-37371735
290595,2016,Action,Cedric Nicolas-Troyan,6.0,1523,49602163
98566,2014,Science Fiction,Jonathan Liebesman,5.8,2636,352200000
49047,2013,Science Fiction,Alfonso Cuarón,7.3,5751,611392705
9619,1997,Action,Roger Donaldson,5.7,428,62127760
308531,2016,Fantasy,Dave Green,5.8,963,110623848
166424,2015,Action,Josh Trank,4.4,2278,47977596
1593,2006,Action,Shawn Levy,6.3,2862,464480841
254128,2015,Action,Brad Peyton,6.0,2968,360490832
714,1997,Adventure,Roger Spottiswoode,6.0,925,223011068
2024,2000,Drama,Roland Emmerich,6.8,1099,105294342
163,2004,Thriller,Steven Soderbergh,6.4,2124,252744280
787,2005,Action,Doug Liman,6.5,2965,368207520
262500,2015,Adventure,Robert Schwentke,6.2,3829,185238201
2567,2004,Drama,Martin Scorsese,7.0,1489,-14000000
38745,2010,Comedy,Rob Letterman,4.9,621,125382724
40805,2011,Action,Michel Gondry,5.5,1251,107817248
53182,2014,Action,Noam Murro,6.1,2397,227580051
41513,2011,Animation,Raja Gosnell,5.5,1179,453749323
13700,2004,Animation,Will Finn,5.7,389,-6048539
262504,2016,Adventure,Robert Schwentke,5.9,1998,69246868
39254,2011,Action,Shawn Levy,6.6,2692,189268508
77931,2013,Fantasy,Raja Gosnell,5.5,695,242434178
1639,1997,Action,Jan de Bont,4.1,434,4508066
80274,2013,Science Fiction,Gavin Hood,6.6,2303,15537191
1571,2007,Action,Len Wiseman,6.4,2089,273531464
120,2001,Adventure,Peter Jackson,8.0,8705,778368364
10204,2004,Action,Frank Coraci,5.7,672,-37821105
8489,2001,Drama,Michael Mann,6.7,447,-19286175
10588,2003,Comedy,Bo Welch,4.9,366,0
2048,2004,Action,Alex Proyas,6.7,3793,227234916
1495,2005,Drama,Ridley Scott,6.6,1157,81643158
10137,1999,Animation,Rob Minkoff,5.8,959,167135367
10198,2009,Romance,Ron Clements,6.7,1247,162045765
286217,2015,Drama,Ridley Scott,7.6,7268,522161890
1635,2005,Action,Michael Bay,6.5,1770,36949164
24113,2001,Comedy,Peter Chelsom,3.7,16,-79627709
9679,2000,Action,Dominic Sena,6.1,1485,147202299
98,2000,Action,Ridley Scott,7.9,5439,354640427
180,2002,Action,Steven Spielberg,7.1,2608,256372926
672,2002,Adventure,Chris Columbus,7.4,5815,776688482
36557,2006,Adventure,Martin Campbell,7.3,3855,449045960
869,2001,Thriller,Tim Burton,5.6,1243,262211740
280,1991,Action,James Cameron,7.7,4185,420000000
11322,2009,History,Michael Mann,6.5,1344,134104620
4982,2007,Drama,Ridley Scott,7.4,1502,166465037
36955,1994,Action,James Cameron,6.8,1116,263882411
18487,2009,Thriller,Tony Scott,6.2,954,50166126
39451,2010,Comedy,Paul Weitz,5.4,1060,210650585
27581,2010,Action,Adam McKay,6.1,1383,70432927
9268,1996,Action,Chuck Russell,5.6,543,142295562
68718,2012,Drama,Quentin Tarantino,7.8,10099,325368238
10545,1996,Drama,Gary Trousdale,6.8,1129,138851
11688,2000,Adventure,Mark Dindal,7.2,1490,69327687
76163,2012,Action,Simon West,6.1,2896,212573423
2059,2004,Adventure,Jon Turteltaub,6.4,1926,247451894
2486,2006,Fantasy,Stefen Fangmeier,4.9,967,149288105
16523,2009,Family,Spike Jonze,6.4,572,86793
116711,2013,Animation,Chris Wedge,6.4,1121,168426634
37710,2010,Action,Florian Henckel von Donnersmarck,6.0,1699,178731369
9946,1999,Action,Peter Hyams,5.5,482,111989043
1372,2006,Drama,Edward Zwick,7.3,2281,70877916
106646,2013,Crime,Martin Scorsese,7.9,6571,292000694
414,1995,Action,Joel Schumacher,5.2,1498,236529144
563,1997,Adventure,Paul Verhoeven,6.7,1560,16214377
83542,2012,Drama,Tom Tykwer,6.6,2977,28482868
41216,2010,Animation,Zack Snyder,6.5,703,60073390
314,2004,Action,Pitof,4.2,808,-17897621
184315,2014,Action,Brett Ratner,5.6,1680,143400000
9016,2002,Adventure,Ron Clements,7.2,948,-30421885
18162,2009,Adventure,Brad Silberling,5.3,381,-31311169
138103,2014,Action,Patrick Hughes,6.1,1795,116172544
257088,2015,Action,Ericson Core,5.5,783,28718711
10214,2005,Fantasy,Lawrence Guterman,3.6,338,-84000000
205775,2015,Thriller,Ron Howard,6.5,1276,-6179242
11692,2002,Action,Ron Underwood,4.4,142,-92896027
22972,2010,War,Paul Greengrass,6.4,717,-5117111
227973,2015,Animation,Steve Martino,6.5,604,147233113
29193,1997,Crime,David Mamet,7.1,73,3835130
1734,2001,Adventure,Stephen Sommers,6.0,2206,335013274
3131,2002,Drama,Martin Scorsese,7.1,1910,93772504
76758,2011,Drama,Zhang Yimou,7.1,187,1311434
9408,2007,Animation,Ash Brannon,5.9,601,64044513
9890,2004,Action,Frank Oz,5.4,334,12000000
855,2001,Action,Ridley Scott,7.2,1811,80989651
77953,2012,Comedy,Jay Roach,5.6,578,104907746
18,1997,Adventure,Luc Besson,7.3,3885,173920180
37786,2010,Comedy,Michael Patrick King,5.4,426,188347692
10501,2000,Adventure,Don Michael Paul,7.0,858,-18567273
57800,2012,Animation,Steve Martino,6.2,2672,782244782
150689,2015,Romance,Kenneth Branagh,6.7,2374,448514353
7980,2009,Fantasy,Peter Jackson,6.6,1065,28525586
12,2003,Animation,Andrew Stanton,7.6,6122,846335536
122,2003,Adventure,Peter Jackson,8.1,8064,1024888979
121,2002,Adventure,Peter Jackson,8.0,7487,847287400
68737,2014,Adventure,Sergei Bodrov,5.2,957,19178613
1995,2001,Adventure,Simon West,5.7,2192,159703340
157353,2014,Thriller,Wally Pfister,5.9,2295,3039258
331,2001,Adventure,Joe Johnston,5.7,2077,275780809
61791,2011,Thriller,Rupert Wyatt,7.0,4347,389860185
8204,2008,Adventure,Mark Waters,6.3,572,72839667
47964,2013,Action,John Moore,5.2,3493,212654182
10733,2004,Western,John Lee Hancock,5.8,106,-119180039
9806,2004,Action,Brad Bird,7.4,5152,539442092
1408,1995,Action,Renny Harlin,5.7,136,-87982678
32657,2010,Adventure,Chris Columbus,6.0,2010,131497209
607,1997,Action,Barry Sonnenfeld,6.9,4412,499390539
863,1999,Animation,John Lasseter,7.3,3806,407366869
44048,2010,Action,Tony Scott,6.3,1165,67805466
5175,2001,Action,Brett Ratner,6.4,1054,257325802
2655,2000,Drama,Robert Zemeckis,6.3,488,55464351
22794,2009,Animation,Phil Lord,6.5,1747,142988466
8355,2009,Animation,Carlos Saldanha,6.5,2271,796686817
116745,2013,Adventure,Ben Stiller,7.0,3144,98133322
4327,2000,Action,McG,5.6,1232,172105545
1422,2006,Drama,Martin Scorsese,7.9,4339,199847354
10674,1998,Animation,Tony Bancroft,7.6,2008,214320254
7446,2008,Action,Ben Stiller,6.5,1667,96072649
65754,2011,Thriller,David Fincher,7.2,2434,142617430
1572,1995,Action,John McTiernan,6.9,2066,276101666
10528,2009,Action,Guy Ritchie,7.0,5766,434028679
271969,2016,Drama,Timur Bekmambetov,5.3,621,-5938689
10865,2001,Animation,Gary Trousdale,6.7,1224,66053725
258509,2015,Adventure,Walt Becker,5.8,428,233755553
2253,2008,Drama,Bryan Singer,6.7,1173,125276000
10661,2008,Comedy,Dennis Dugan,5.5,1048,111596308
257344,2015,Action,Chris Columbus,5.6,2513,155637091
644,2001,Drama,Steven Spielberg,6.8,1974,135926552
10756,2003,Thriller,Rob Minkoff,5.2,466,92290266
686,1997,Drama,Robert Zemeckis,7.2,1308,81120329
9383,2000,Action,Paul Verhoeven,5.6,634,95213455
179,2005,Crime,Sydney Pollack,6.2,392,82944923
76285,2013,Adventure,Thor Freudenthal,5.9,1648,84578751
1996,2003,Action,Jan de Bont,5.5,1418,61505388
291805,2016,Action,Jon M. Chu,6.7,3235,244901337
10003,1997,Thriller,Phillip Noyce,5.9,302,50063304
1535,2001,Action,Tony Scott,6.8,579,51049560
2067,2000,Science Fiction,Brian De Palma,5.7,369,-29125385
46195,2011,Animation,Carlos Saldanha,6.5,2166,394635760
2277,1999,Comedy,Chris Columbus,6.9,963,-6300000
10357,1997,Science Fiction,Mick Jackson,5.2,376,-90000000
4477,1997,Crime,Alan J. Pakula,5.9,290,50807547
8665,2002,Drama,Kathryn Bigelow,6.1,264,-64831034
9387,1982,Adventure,John Milius,6.6,650,59114085
921,2005,Romance,Ron Howard,7.3,616,20539911
49852,2010,Fantasy,Andrei Konchalovsky,5.4,50,-73821041
4464,2003,Drama,Gary Ross,6.7,216,61336445
664,1996,Action,Jan de Bont,6.1,950,402471524
8358,2000,Adventure,Robert Zemeckis,7.5,3218,339632142
9836,2006,Animation,George Miller,5.9,1410,284335608
2502,2004,Action,Paul Greengrass,7.2,2825,213500217
9772,1997,Action,Wolfgang Petersen,6.2,840,230156409
161,2001,Thriller,Steven Soderbergh,7.2,3783,365717150
52451,2011,Adventure,Paul W.S. Anderson,5.6,924,57274484
76492,2012,Animation,Genndy Tartakovsky,6.8,2566,273375603
4523,2007,Comedy,Kevin Lima,6.6,1449,255487652
59961,2012,Action,Daniel Espinosa,6.3,1345,123076205
10481,2000,Comedy,Kevin Lima,5.1,313,98611771
59108,2011,Action,Brett Ratner,5.8,932,77930623
1581,2006,Comedy,Nancy Meyers,6.7,1225,109168700
9798,1998,Action,Tony Scott,6.7,1240,160649836
22897,2009,Comedy,Nancy Meyers,6.2,360,134103655
298,2007,Crime,Steven Soderbergh,6.5,1999,226312624
7484,2006,Adventure,Jill Culton,6.1,656,112309027
157350,2014,Adventure,Neil Burger,6.9,4663,203747895
853,2001,War,Jean-Jacques Annaud,7.2,999,28976270
10159,2003,Adventure,Peter Berg,6.4,514,-4083508
9593,1993,Adventure,John McTiernan,6.1,712,52298489
1904,2005,Drama,Rob Marshall,7.3,652,77242962
9615,2006,Action,Justin Lin,6.1,1705,73468292
51052,2011,Drama,Barry Cook,6.7,333,0
297,1998,Fantasy,Martin Brest,6.9,1147,52940100
9884,2002,Action,Andrew Davis,5.5,427,-6617567
16858,1979,Drama,Bob Fosse,7.3,85,37823676
62764,2012,Adventure,Tarsem Singh,5.5,1114,98018522
22538,2010,Action,Edgar Wright,7.2,2126,-12335441
9341,2003,Action,Jon Amiel,5.4,516,14208267
12107,2000,Fantasy,Peter Segal,4.7,332,39307945
9637,2002,Mystery,Raja Gosnell,5.4,820,191650703
49049,2012,Action,Pete Travis,6.6,1940,-8962258
9339,2006,Comedy,Frank Coraci,6.0,2104,155181299
16281,1982,Horror,George A. Romero,6.7,226,13028755
39691,2010,Comedy,Brad Peyton,4.9,119,27483764
8247,2008,Adventure,Doug Liman,5.9,1799,137231186
11253,2008,Adventure,Guillermo del Toro,6.5,1527,75388063
1949,2007,Crime,David Fincher,7.3,2023,19785914
8452,2000,Science Fiction,Roger Spottiswoode,5.7,595,14085477
310,2003,Fantasy,Tom Shadyac,6.4,3012,404572835
27578,2010,Thriller,Sylvester Stallone,6.0,2926,194470394
954,1996,Adventure,Brian De Palma,6.7,2631,377696359
70160,2012,Science Fiction,Gary Ross,6.9,9455,616210692
45243,2011,Comedy,Todd Phillips,6.2,3739,174455986
364,1992,Action,Tim Burton,6.6,1673,200000000
7518,2006,Comedy,Karey Kirkpatrick,6.3,1074,263397247
11544,2002,Animation,Chris Sanders,7.1,1314,65771527
9986,2006,Comedy,Gary Winick,5.8,288,59000000
8656,1998,Action,Mimi Leder,5.9,855,65464664
146216,2013,Action,Dean Parisot,6.4,1526,-84000000
9291,2005,Comedy,Peter Segal,6.2,785,108320568
55301,2011,Comedy,Mike Mitchell,5.4,484,267695435
109418,2013,Comedy,Dennis Dugan,5.8,1155,166984278
11665,2008,Action,Peter Segal,6.0,1051,150685453
6964,2003,Drama,Nancy Meyers,6.3,410,186728738
11324,2010,Drama,Martin Scorsese,7.8,6336,214804195
12193,2008,Comedy,Seth Gordon,5.3,331,83733697
9928,2005,Animation,Chris Wedge,6.0,1333,185696994
754,1997,Action,John Woo,6.8,1583,165676146
10202,2008,Fantasy,Adam Shankman,5.9,901,132874442
4147,2002,Thriller,Sam Mendes,7.3,1077,101001478
50546,2011,Romance,Dennis Dugan,6.3,1543,134918407
1701,1997,Action,Simon West,6.5,1270,149012234
13027,2008,Mystery,D.J. Caruso,6.3,1018,98066569
2289,2003,Drama,Anthony Minghella,6.7,533,94013509
20504,2010,Action,Albert Hughes,6.6,2164,77107755
9574,1997,Comedy,Les Mayfield,5.3,695,97977226
11618,1999,Horror,Jan de Bont,5.2,369,11188905
2300,1996,Animation,Joe Pytka,6.5,1288,170200000
12096,2006,Action,Shawn Levy,5.6,550,0
10200,2008,Drama,Scott Derrickson,5.2,1043,153093859
8834,1997,Action,Richard Donner,6.5,431,61982834
228150,2014,War,David Ayer,7.4,3946,143817906
6068,1998,Action,Ivan Reitman,5.6,332,94000000
41515,2010,Comedy,Eric Brevig,5.2,220,121584141
9023,2002,Western,Kelly Asbury,7.4,831,42563539
38317,2011,Comedy,Frank Coraci,5.3,498,89852759
2157,1998,Adventure,Stephen Hopkins,5.0,388,56159423
14462,2004,Drama,Jonathan Demme,6.2,393,16105964
161795,1998,Romance,Henry Jaglom,8.0,1,0
159824,2015,Animation,Genndy Tartakovsky,6.7,1497,393226958
49948,1999,Animation,James Algar,7.0,292,10874570
2135,2002,Science Fiction,Simon Wells,5.8,631,43729176
9822,1998,Action,Ron Underwood,5.9,208,-90000000
9705,2001,Action,Dominic Sena,6.1,932,45080413
1656,2005,Action,Martin Campbell,5.9,893,67400065
12159,1998,Drama,Vincent Ward,6.8,577,-13514957
9678,2000,Comedy,Steven Brill,5.2,438,-85000000
4442,2005,Adventure,Terry Gilliam,5.6,818,17316267
75,1996,Comedy,Tim Burton,6.1,1509,31371017
330770,2015,Mystery,Lucile Hadzihalilovic,6.4,47,0
9433,1997,Action,Lee Tamahori,6.7,349,43312294
19959,2009,Action,Jonathan Mostow,5.9,1195,42444772
11973,2000,Drama,Roger Donaldson,6.9,189,-45433254
11228,1996,Action,Rob Cohen,5.8,378,79212469
77951,2013,Animation,Barry Cook,5.2,133,46546518
5491,2000,Action,Roger Christian,3.0,255,-22600000
10715,2003,Animation,Joe Dante,5.6,297,-11485156
10197,2009,Drama,Rob Marshall,5.1,165,-26174485
9562,2003,Action,Richard Donner,5.4,318,-60519261
9922,1997,Drama,Kevin Costner,6.1,299,-62373766
9447,1998,Adventure,George Miller,5.2,305,-20868140
274854,2015,Fantasy,Breck Eisner,5.7,1316,56936910
8870,2000,Thriller,Antony Hoffman,5.4,267,-46536031
9992,2006,Adventure,Luc Besson,6.0,639,21944236
36970,2009,Documentary,Jacques Perrin,7.3,111,19406406
10077,2005,Thriller,Peter Hyams,4.8,111,-74010360
76649,2014,Action,Paul W.S. Anderson,5.2,1267,-12168369
293644,2015,Comedy,Andrés Couturier,5.3,9,-8000000
453,2001,Drama,Ron Howard,7.7,3009,253542341
8587,1994,Family,Roger Allers,8.0,5376,743241776
72545,2012,Adventure,Brad Peyton,5.8,1030,276692760
109451,2013,Animation,Cody Cameron,6.4,915,170384621
9533,2002,Crime,Brett Ratner,6.7,1115,131196298
2023,2004,Western,Joe Johnston,6.5,318,8103450
71880,2011,Comedy,Dennis Dugan,4.1,604,70673788
584,2003,Action,John Singleton,6.2,2028,160350661
309809,2015,Adventure,Mark Osborne,7.6,756,33571250
4858,2007,Science Fiction,Oliver Hirschbiegel,5.7,359,-64928486
17711,2000,Action,Des McAnuff,3.9,87,-40865180
328111,2016,Animation,Chris Renaud,5.9,3462,800958308
8698,2003,Fantasy,Stephen Norrington,5.7,1155,101265204
93456,2013,Animation,Pierre Coffin,7.0,4637,894761885
602,1996,Action,Roland Emmerich,6.7,3260,741969268
330,1997,Adventure,Steven Spielberg,6.2,2487,156074524
953,2005,Family,Eric Darnell,6.6,3237,457680671
9693,2006,Drama,Alfonso Cuarón,7.4,2071,-6040249
36657,2000,Adventure,Bryan Singer,6.8,4097,221339527
8909,2008,Action,Timur Bekmambetov,6.4,2528,183270008
9802,1996,Action,Michael Bay,6.9,1456,260062621
950,2006,Animation,Carlos Saldanha,6.5,2951,580940780
1824,2004,Comedy,Peter Segal,6.6,2105,121482882
2976,2007,Family,Adam Shankman,6.5,709,40450008
11026,2004,Horror,Renny Harlin,4.7,183,-1999414
332,1999,Action,David Kellogg,4.3,318,-75000000
75656,2013,Thriller,Louis Leterrier,7.3,5487,42698894
38365,2010,Comedy,Dennis Dugan,6.0,1705,191430189
594,2004,Comedy,Steven Spielberg,7.0,1910,159417255
15189,2009,Comedy,Thor Freudenthal,5.7,202,38034460
11678,2000,Action,Martin Campbell,5.9,283,140663859
6538,2007,Comedy,Mike Nichols,6.5,338,44000410
10555,2004,Animation,Vicky Jenson,5.8,1557,292275019
1125,2006,Drama,Bill Condon,6.6,284,84937680
4551,2005,Comedy,F. Gary Gray,5.4,292,42226116
612,2005,Drama,Steven Spielberg,6.9,696,60358911
9567,2003,Action,Antoine Fuqua,6.4,573,15632458
37821,2010,Action,Robert Luketic,5.7,772,23159963
203801,2015,Comedy,Guy Ritchie,7.1,2265,33145109
2539,2004,Comedy,James L. Brooks,5.8,369,-24958633
9297,2006,Animation,Gil Kenan,6.3,874,65175006
3172,2001,Action,Barry Levinson,6.2,302,-7368097
6520,1995,Action,Jerry Zucker,5.9,311,72600435
1439,1999,Drama,Andy Tennant,6.4,197,-75000000
37958,2011,Fantasy,Tarsem Singh,5.7,880,151904017
2026,2005,Mystery,Florent-Emilio Siri,6.2,512,25944725
7450,2000,Animation,Gary Goldman,6.3,313,-38245366
11375,2003,Action,Ron Shelton,5.0,166,-23857341
9425,1998,Action,Paul W.S. Anderson,6.1,221,-60432117
25769,2009,Action,Àlex Pastor,5.8,282,5802422
23685,2001,Adventure,Henry Selick,4.3,78,-69590483
11866,2004,Action,John Moore,5.7,276,-23990820
9741,2000,Science Fiction,M. Night Shyamalan,6.9,1946,173118121
211672,2015,Family,Kyle Balda,6.4,4571,1082730962
23629,2011,Action,Zack Snyder,5.9,1623,7792502
8688,1998,Crime,Brian De Palma,5.8,327,30891409
10153,1998,Science Fiction,Barry Levinson,5.8,476,-61900000
153518,2016,Family,Fergal Reilly,5.9,1022,276779543
8676,2008,Romance,Andy Tennant,5.4,444,41231041
20829,2009,Comedy,Judd Apatow,5.7,390,-13541018
4349,2007,Thriller,Peter Berg,6.5,513,16658558
9718,2006,Comedy,Adam McKay,6.2,491,90466177
10808,2001,Comedy,Steve Carr,4.9,410,106104344
197,1995,Action,Mel Gibson,7.7,3336,138000000
25,2005,Drama,Sam Mendes,6.6,765,24889998
35,2007,Animation,David Silverman,6.9,2264,452068851
11086,2001,Drama,Frank Darabont,6.6,188,-34682442
10477,2001,Action,Renny Harlin,4.5,179,-39255262
1997,2004,Adventure,Jean-Jacques Annaud,6.9,180,-12327950
6947,2004,Drama,M. Night Shyamalan,6.2,1071,196697520
3050,1998,Comedy,Betty Thomas,5.4,686,223456605
2675,2002,Drama,M. Night Shyamalan,6.4,1599,336247917
809,2004,Adventure,Andrew Adamson,6.7,2988,769838758
920,2006,Animation,John Lasseter,6.6,3877,341983149
4806,1999,Comedy,Garry Marshall,5.7,455,239457509
7451,2002,Action,Rob Cohen,5.8,1424,207448382
228165,2015,Animation,Paul Tibbitt,5.8,719,237594032
3595,1996,Action,Ron Howard,6.4,470,229492681
16869,2009,Drama,Quentin Tarantino,7.9,6430,249131050
879,1991,Adventure,Steven Spielberg,6.6,1532,230854823
1573,1990,Action,Renny Harlin,6.6,1896,170031094
9257,2003,Action,Clark Johnson,5.8,770,36643346
1903,2001,Drama,Cameron Crowe,6.5,1078,135388341
9697,2006,Drama,M. Night Shyamalan,5.3,409,-32714831
395,2004,Adventure,Paul W.S. Anderson,5.5,1217,101183863
23398,2009,Comedy,Betty Thomas,5.4,666,368140005
10590,2002,Action,Randall Wallace,6.7,521,39660784
117263,2013,Action,Antoine Fuqua,6.2,2981,91025640
200,1998,Science Fiction,Jonathan Frakes,6.3,391,48000000
44943,2011,Action,Jonathan Liebesman,5.5,1448,132466756
587,2003,Adventure,Tim Burton,7.6,1994,52919055
10395,1994,Fantasy,Mike Nichols,6.0,216,0
57212,2011,Drama,Steven Spielberg,7.0,992,111584879
152760,2014,War,George Clooney,5.8,1523,84984035
2756,1989,Adventure,James Cameron,7.1,808,20000098
33909,2010,Drama,Oliver Stone,5.8,493,64748021
49017,2014,Horror,Gary Shore,6.2,2389,145529201
9882,1998,Drama,Edward Zwick,6.0,352,46672912
2270,2007,Adventure,Matthew Vaughn,7.1,1184,65560026
978,1997,Adventure,Jean-Jacques Annaud,7.0,630,61457682
44564,2011,Comedy,Ron Howard,5.2,304,-2887336
3132,2002,Action,Joel Schumacher,5.4,228,-4022705
8814,2005,Adventure,Andrzej Bartkowiak,5.0,609,-4012679
8427,2002,Action,Betty Thomas,5.2,269,-36438863
52520,2012,Fantasy,Måns Mårlind,6.1,1862,90112671
80585,2012,Comedy,Adam Shankman,6.0,385,-15581387
10592,2002,Drama,Gregory Hoblit,5.9,241,-37712956
49021,2011,Action,Gary McKendry,6.1,695,-8222894
11535,2002,Action,John McTiernan,3.4,106,0
10550,2002,Action,Wych Kaosayananda,4.3,97,-50075967
11258,1998,Thriller,Mikael Salomon,5.5,179,-50129433
12610,2001,Adventure,Bobby Farrelly,5.9,228,-61403089
59981,2013,Animation,Dan St. Pierre,5.9,43,-51337973
201088,2015,Crime,Michael Mann,5.1,826,-52247060
5137,2004,Mystery,Kerry Conran,5.7,439,-12041304
3093,2006,Crime,Michael Caton-Jones,4.6,180,-31370522
107846,2013,Action,Mikael Håfström,6.7,1659,72915111
188207,2014,Action,Renny Harlin,4.4,533,-8720548
4614,2002,Thriller,Phil Alden Robinson,5.9,437,125000000
24021,2010,Adventure,David Slade,5.8,2301,630491347
11371,2001,Action,Frank Oz,6.7,423,3069884
20352,2010,Animation,Pierre Coffin,7.1,6478,474513985
11517,1995,Action,Joseph Ruben,5.4,222,-24568887
214756,2015,Comedy,Seth MacFarlane,6.2,2463,149022588
26428,2009,Adventure,Alejandro Amenábar,6.9,395,-30958495
9824,1999,Adventure,Kinka Usher,5.7,250,-38237989
48988,2011,Comedy,Bobby Farrelly,5.4,611,47160734
9008,1999,Drama,Michael Mann,7.3,481,-29710088
300673,2016,Action,Craig Gillespie,6.3,588,-27900910
12113,2008,Action,Ridley Scott,6.5,895,43280098
38778,2010,Comedy,Jay Roach,5.5,531,17387857
72331,2012,Action,Timur Bekmambetov,5.5,1269,43265139
1844,1999,Romance,Jon Amiel,6.0,602,146404396
846,1998,Mystery,Rob Bowman,6.6,488,123198313
9703,2007,Action,Doug Lefler,5.0,207,-41696962
857,1998,Drama,Steven Spielberg,7.9,5048,411840909
136797,2014,Action,Scott Waugh,6.1,1520,137277636
3981,2000,Comedy,Nancy Meyers,6.1,992,304111707
425,2002,Animation,Chris Wedge,7.1,3857,324257136
6171,2003,Drama,Lawrence Kasdan,5.3,567,7715436
72976,2012,History,Steven Spielberg,6.7,1429,210293450
603,1999,Action,Lilly Wachowski,7.9,8907,400517383
568,1995,Drama,Ron Howard,7.3,1599,303237933
9021,2002,Fantasy,Michael Lembeck,5.5,297,107855065
82695,2012,Drama,Tom Hooper,7.1,1884,380809770
9489,1998,Comedy,Nora Ephron,6.3,838,185821495
12133,2008,Comedy,Adam McKay,6.5,1062,63107642
9342,1998,Action,Martin Campbell,6.3,1183,155288523
41733,2010,Comedy,Todd Phillips,6.2,1685,146780824
227306,2014,Drama,Angelina Jolie,7.3,1400,98442937
5551,2000,Action,Clint Eastwood,6.3,403,63884132
9350,1993,Action,Renny Harlin,6.1,588,185000211
9208,1996,Action,John Woo,5.7,453,100270147
4244,2000,Fantasy,Jon Turteltaub,6.0,238,4700000
1852,2006,Drama,Oliver Stone,5.9,447,99945894
11820,2003,Drama,Mike Newell,6.5,393,-65000000
76493,2012,Comedy,Larry Charles,5.9,1743,114379533
345,1999,Mystery,Stanley Kubrick,7.1,1234,97091208
196867,2014,Comedy,Will Gluck,6.0,466,68821816
256591,2015,Romance,Glenn Ficarra,6.7,2542,103862963
59962,2012,Action,McG,5.9,1389,91974557
36648,2004,Science Fiction,David S. Goyer,5.7,1252,63905366
1880,1984,Action,John Milius,6.4,215,34176497
9440,1998,Comedy,Mike Nichols,6.1,94,-65000000
71679,2012,Action,Paul W.S. Anderson,5.6,1600,175159255
10483,2008,Action,Paul W.S. Anderson,6.0,1175,28762516
11412,1996,Crime,Renny Harlin,6.5,314,24456761
11983,2000,Action,Taylor Hackford,6.0,208,-65000000
6795,2005,Family,Jon Favreau,6.1,779,-678499
550,1999,Drama,David Fincher,8.3,9413,37853753
11170,2006,Drama,McG,6.7,186,-21454636
9292,1991,Action,Michael Lehmann,5.4,269,-47781920
10783,2000,Action,Nora Ephron,4.9,52,-65000000
100241,2014,Horror,Stuart Beattie,5.0,687,6154592
257,2005,Crime,Roman Polanski,6.7,274,-7906294
9947,2005,Action,Rob Bowman,4.8,575,13681566
189,2014,Crime,Robert Rodriguez,6.3,1286,-25592384
12618,1999,Drama,Sydney Pollack,5.3,63,10608570
253412,2015,Adventure,Baltasar Kormákur,6.7,1772,148427584
1427,2006,Crime,Tom Tykwer,7.1,1165,82180323
818,2002,Comedy,Jay Roach,5.9,979,233655431
16577,2009,Animation,David Bowers,6.1,409,-20908933
329,1993,Adventure,Steven Spielberg,7.6,4856,857100000
12160,1994,Drama,Lawrence Kasdan,6.5,202,-37948000
9331,1994,Action,Phillip Noyce,6.4,386,153887717
300168,2015,Action,Daniel Lee,5.9,145,56545703
9072,2006,Comedy,Keenen Ivory Wayans,5.3,261,37595121
3536,2000,Action,Jonathan Mostow,6.1,340,65666415
9087,1995,Comedy,Rob Reiner,6.5,195,45879496
12177,2008,Comedy,Marco Schnabel,4.3,242,-20180936
12138,2001,Action,Demian Lichtenstein,5.8,178,-43279825
273248,2015,Crime,Quentin Tarantino,7.6,4274,111760117
9955,2007,Action,Josh Gordon,5.9,569,-53000000
50359,2011,Animation,Tim Hill,5.5,331,120953723
1271,2006,Action,Zack Snyder,7.0,4997,357610419
693,2004,Comedy,Jay Roach,6.1,1373,436642939
14306,2008,Comedy,David Frankel,6.9,1343,184082376
497,1999,Fantasy,Frank Darabont,8.2,4048,224600000
11199,2007,Action,Walt Becker,5.6,648,253625427
9982,2005,Animation,Mark Dindal,5.6,944,164432665
210577,2014,Mystery,David Fincher,7.9,5862,308330363
2501,2002,Action,Doug Liman,7.3,3583,154034224
710,1995,Adventure,Martin Campbell,6.6,1174,294194034
2275,1999,Crime,Simon West,6.1,205,89705852
37165,1998,Comedy,Peter Weir,7.8,4537,204118201
9837,1998,Adventure,Simon Wells,6.8,817,148613188
10708,2003,Comedy,Steve Carr,5.6,506,104433867
136400,2013,Action,Baltasar Kormákur,6.6,1589,70940411
10992,2001,Comedy,Lawrence Guterman,5.0,352,33375151
9654,2003,Action,F. Gary Gray,6.6,1919,116070171
2642,2002,Romance,Marc Lawrence,5.9,487,33354918
8916,1998,Adventure,Eric Darnell,6.0,1272,111757863
19899,2009,Comedy,Peter Billingsley,5.3,588,101844840
2119,1990,Adventure,Tony Scott,5.9,353,97920733
9641,2005,Comedy,Adam Shankman,5.7,526,69181830
294254,2015,Action,Wes Ball,6.4,3040,250256926
38167,2010,Drama,Ryan Murphy,5.8,636,144594016
5994,2000,Comedy,Brett Ratner,6.5,521,-60000000
39514,2010,Action,Robert Schwentke,6.6,2808,13664962
9563,1999,Drama,Oliver Stone,6.8,422,45230832
547,1998,Drama,Robert Redford,6.7,292,126883563
1538,2004,Drama,Michael Mann,7.0,1451,152764291
9334,2002,Action,Chuck Russell,5.3,779,105333180
11128,2004,Drama,Jay Russell,6.2,207,14541707
75780,2012,Crime,Christopher McQuarrie,6.3,2998,158340595
8914,1999,Action,Renny Harlin,5.6,604,13648228
13576,2009,Music,Kenny Ortega,6.7,247,-60000000
39538,2011,Drama,Steven Soderbergh,6.2,1325,77551594
10628,2003,Comedy,David McNally,4.3,203,0
14836,2009,Animation,Henry Selick,7.3,1386,64596398
8645,2008,Thriller,M. Night Shyamalan,4.9,950,103403799
9509,2004,Action,Tony Scott,7.3,1553,60293714
10067,2006,Comedy,Brian Robbins,4.5,137,11112916
9384,2004,Comedy,Todd Phillips,5.6,644,110268750
9279,1996,Family,Brian Levant,5.5,575,69832389
1487,2004,Fantasy,Guillermo del Toro,6.5,2225,33318987
9422,1998,Drama,Steven Zaillian,6.1,109,-13297099
77174,2012,Family,Sam Fell,6.7,789,47139399
4824,1997,Action,Michael Caton-Jones,6.1,527,99330280
9620,2003,Action,John Woo,5.9,581,36269812
9302,1996,Drama,Jon Avnet,5.9,50,-60000000
10199,2008,Adventure,Robert Stevenhagen,5.8,258,-9122855
10771,2002,Thriller,Kevin Donovan,5.3,483,0
3512,1995,Action,Geoff Murphy,5.6,210,44324083
137094,2014,Action,Kenneth Branagh,5.9,1173,-9450893
274479,2015,Drama,David O. Russell,6.4,1581,41134059
267860,2016,Action,Babak Najafi,5.8,1621,145754447
8078,1997,Science Fiction,Jean-Pierre Jeunet,5.9,1365,92000000
7485,2007,Action,Antoine Fuqua,6.9,1462,34696996
170687,2014,Animation,Anthony Stacchi,6.6,668,48255770
6435,1998,Drama,Griffin Dunne,6.3,338,-28316623
137106,2014,Adventure,Phil Lord,7.5,3070,409160692
10040,2005,Action,John Pasquin,5.3,425,0
6278,2002,Adventure,Rob Bowman,6.0,669,-16938018
82682,2013,Crime,Ruben Fleischer,6.2,1778,45200903
17610,2009,Comedy,Harold Ramis,4.6,524,2357900
22954,2009,Drama,Clint Eastwood,7.0,1125,62233971
16995,2009,Action,Kevin Macdonald,6.7,484,27784194
16558,2009,Romance,Tony Gilroy,5.7,201,-18146652
9849,1999,Comedy,Donald Petrie,5.1,80,-28149899
5820,2006,Action,Clark Johnson,5.8,225,17920346
16866,2009,Science Fiction,Jorge Blanco,5.6,556,34945765
201,2002,Science Fiction,Stuart Baird,6.1,479,7312826
11775,2003,Crime,Joel Coen,5.8,391,59940815
87825,2012,Drama,Robert Lorenz,6.6,366,0
12201,2010,Crime,Martin Campbell,6.2,487,-5098661
11015,1997,Horror,Peter Hyams,5.8,130,-26043392
9932,2002,Comedy,Harold Ramis,5.7,380,-4996865
13389,2008,Action,Jon Avnet,5.9,375,13174566
8838,1998,Action,Harold Becker,6.0,368,-60000000
17332,2009,Drama,Joe Wright,6.6,234,-28279842
4958,2000,Fantasy,Robert Redford,6.3,251,-40540573
786,2000,Drama,Cameron Crowe,7.4,797,-12616311
9513,2006,Animation,Tim Hill,5.1,464,141702264
11679,2005,Action,Lee Tamahori,4.7,549,11073932
38321,2011,Action,Scott Stewart,5.4,692,18309131
14411,2003,Family,Tim Johnson,6.6,372,-33711680
8413,1997,Horror,Paul W.S. Anderson,6.5,742,-33326758
10052,2002,Drama,Tom Shadyac,6.1,204,-7677600
9676,2006,Drama,Brian De Palma,5.7,287,-888798
9664,2006,Action,Tony Bill,6.3,271,-42200000
2100,2001,Action,Rod Lurie,7.0,285,-44357293
10384,2000,Horror,Walter Hill,4.9,109,-75171919
137321,2014,Drama,Akiva Goldsman,6.0,487,-29199769
123553,2013,Action,Harald Zwart,6.2,1602,30565421
11260,2008,Comedy,Brian Robbins,5.0,371,-9349921
9009,2005,Drama,Walter Salles,5.3,274,-4526907
11374,1999,Comedy,Ron Howard,5.7,166,-80000000
2309,2008,Adventure,Iain Softley,6.0,592,-2509626
8285,2008,Action,Frank Miller,4.7,320,-20968663
210860,2015,Comedy,David Koepp,5.4,1055,-29581440
2312,2007,Adventure,Uwe Boll,4.1,224,-60000000
9839,2003,Drama,Martin Campbell,6.7,110,-35000000
381902,2016,Action,Soi Cheang,6.0,24,125187158
13922,2005,Action,John Dahl,6.8,91,-69833498
293660,2016,Action,Tim Miller,7.4,10995,725112979
9713,1998,Drama,Stephen Herek,4.9,111,-60000000
190859,2014,War,Clint Eastwood,7.4,4469,483507423
257445,2015,Adventure,Rob Letterman,6.2,995,100162788
9007,2005,Comedy,Mark Waters,6.5,579,44854431
889,2000,Science Fiction,Brian Levant,4.4,134,-23531725
1370,1988,Action,Peter MacDonald,5.7,690,126015611
4942,2008,Comedy,George Clooney,5.7,130,-16700508
347969,2015,Comedy,Frank Coraci,4.9,388,-60000000
24438,2009,Comedy,Marc Lawrence,5.1,276,27280250
116741,2013,Comedy,Shawn Levy,6.1,1658,-14000000
35791,2010,Action,Paul W.S. Anderson,5.8,1363,240228084
72431,2012,Drama,Anthony Hemingway,5.9,178,-7634623
1813,1997,Drama,Taylor Hackford,7.2,1374,95944660
87428,2012,Comedy,Sean Anders,5.5,453,-11941633
8840,1996,Fantasy,Rob Cohen,6.4,535,58267375
10589,2004,Action,Brett Ratner,6.0,226,1347797
71676,2011,Action,Brian Taylor,4.7,1135,92217355
1722,2001,Drama,John Madden,5.5,145,5112895
10022,2005,Action,Adam Shankman,5.8,842,57006880
11358,2004,Adventure,Kevin Bray,6.0,381,1223890
13,1994,Comedy,Robert Zemeckis,8.2,7927,622945399
6477,2007,Comedy,Tim Hill,5.5,1177,301366633
1597,2000,Comedy,Jay Roach,6.6,1698,275444045
10530,1995,Adventure,Mike Gabriel,6.7,1457,291079773
1924,1978,Action,Richard Donner,6.9,1022,245218018
9327,1996,Fantasy,Tom Shadyac,5.4,702,74769345
8488,2005,Comedy,Andy Tennant,6.4,1665,298100420
10603,1997,Adventure,Sam Weisman,5.4,496,-55000000
8273,2003,Comedy,Jesse Dylan,6.0,1129,176449203
109424,2013,Action,Paul Greengrass,7.6,2454,40000000
35056,2010,Comedy,Shawn Levy,5.9,1122,97263880
8839,1995,Fantasy,Brad Silberling,6.0,1019,237928194
156022,2014,Thriller,Antoine Fuqua,7.1,2954,137330738
7303,2002,Comedy,Wayne Wang,5.6,485,99906693
8963,1995,Action,Tony Scott,7.0,498,104387195
1402,2006,Drama,Gabriele Muccino,7.7,2525,252077295
9315,2005,Thriller,Robert Schwentke,6.1,772,168387299
8984,1994,Drama,Barry Levinson,5.9,210,159015089
795,1998,Drama,Brad Silberling,6.4,529,143685114
24,2003,Action,Quentin Tarantino,7.7,4949,150949000
11353,1999,Comedy,Frank Oz,6.0,254,-55000000
393,2004,Action,Quentin Tarantino,7.6,3948,122159461
9618,1989,Action,Andrei Konchalovsky,6.1,458,8408614
9374,1992,Fantasy,Robert Zemeckis,6.3,636,94022650
8584,2000,Adventure,Tom Dey,6.2,735,1932305
2320,1996,Action,Stuart Baird,5.8,256,66969216
58224,2011,Comedy,Mark Waters,5.7,751,132361754
1729,2008,Action,Rob Minkoff,6.3,461,72906624
175574,2013,Animation,Jimmy Hayward,5.7,254,55000000
8077,1992,Science Fiction,David Fincher,6.2,1633,109773545
8818,1996,History,Alan Parker,5.9,120,86047179
8195,1998,Action,John Frankenheimer,6.7,658,-13389116
10586,1996,Adventure,Stephen Hopkins,6.4,236,25000000
116149,2014,Family,Paul King,7.0,883,204207227
80035,2012,Comedy,Akiva Schaffer,5.3,881,267862
10632,2003,Drama,William Friedkin,6.0,189,-20765992
12117,1999,Drama,Jon Turteltaub,6.2,146,-80000000
1792,2003,Comedy,Bobby Farrelly,5.1,188,-21171682
13260,2008,Comedy,Kent Alterman,5.4,251,33472850
72197,2012,Animation,Peter Lord,6.4,374,58338361
3580,2008,Crime,Clint Eastwood,7.3,1131,58020255
12123,1996,Action,Andrew Davis,5.3,284,10209334
9566,1996,Drama,Tony Scott,5.7,194,-36373581
9833,2004,Thriller,Joel Schumacher,7.0,438,84648887
4517,2007,Drama,Shekhar Kapur,6.6,303,19237563
8202,2005,Action,Karyn Kusama,5.4,703,-9695999
16072,2003,Drama,Ronald F. Maxwell,6.1,48,-43076064
34314,1997,Action,Robert Butler,5.2,62,-43533912
19724,2009,Comedy,Karey Kirkpatrick,5.7,134,-55000000
145220,2014,Comedy,James Bobin,6.2,316,30383290
14623,2004,Action,Jonathan Frakes,4.2,91,-28716363
42297,2010,Drama,Steve Antin,6.9,573,34519773
2841,2004,Drama,Jean-Pierre Jeunet,7.1,346,-47000000
802,1962,Drama,Stanley Kubrick,7.3,395,7250000
10375,2002,Action,Jim Gillespie,5.3,123,-48583698
36586,2002,Fantasy,Guillermo del Toro,6.2,1528,101010032
11321,2008,Drama,Gabriele Muccino,7.5,2039,113167691
70074,2013,Action,Walter Hill,5.2,481,-45510171
242,1990,Crime,Francis Ford Coppola,7.1,1546,82766062
9621,2005,Comedy,Cameron Crowe,6.1,327,-4965111
1819,2006,Comedy,Anthony Russo,5.4,407,76431368
8536,1980,Action,Richard Lester,6.5,629,136458706
8046,2003,Drama,Martin Brest,3.5,104,-46733791
1717,2006,Drama,Steven Zaillian,5.7,95,-45549103
479,2000,Action,John Singleton,5.5,308,61196498
9444,1997,Animation,Gary Goldman,7.4,1432,86804348
824,2001,Drama,Baz Luhrmann,7.4,1300,126713434
11456,2001,Mystery,Harold Becker,5.4,113,-20750706
261023,2015,Crime,Scott Cooper,6.3,1242,45837872
3683,2006,War,Clint Eastwood,6.7,526,-24099751
22803,2009,Drama,F. Gary Gray,7.2,1486,73690726
285923,2007,Thriller,Robert Rodriguez,6.8,459,-41962103
39437,1998,Drama,Jonathan Demme,5.9,26,0
1950,2007,Drama,Curtis Hanson,5.4,81,5761917
640,2002,Drama,Steven Spielberg,7.7,3795,300114312
97630,2012,Thriller,Kathryn Bigelow,6.7,1702,92820716
9767,2006,Romance,Peyton Reed,5.6,832,152999686
11631,2008,Comedy,Phyllida Lloyd,6.4,1386,557841637
32856,2010,Comedy,Garry Marshall,5.7,1013,164485654
6519,2005,Action,Jay Chandrasekhar,5.1,316,60803676
8741,1998,Drama,Terrence Malick,7.2,771,46126565
49520,2011,Comedy,David Dobkin,5.9,736,23450437
1850,1999,Comedy,Miloš Forman,6.9,435,-34565570
524,1995,Drama,Martin Scorsese,7.8,1307,64112375
26389,2010,Action,Pierre Morel,6.1,675,826594
11817,2003,Action,Paul Hunter,5.1,278,-52000000
2123,2000,Comedy,Bobby Farrelly,6.1,927,98270999
9907,2006,Animation,Steve Oedekerk,5.3,225,21779000
9969,2006,Comedy,John Whitesell,5.1,109,47231070
18239,2009,Adventure,Chris Weitz,5.6,2436,659827462
808,2001,Adventure,Andrew Adamson,7.3,4056,424409218
38050,2011,Science Fiction,George Nolfi,6.5,1652,77669379
8367,1991,Adventure,Kevin Reynolds,6.6,909,342493908
9390,1996,Comedy,Cameron Crowe,6.7,913,223552592
72105,2012,Comedy,Seth MacFarlane,6.3,4697,499368315
2898,1997,Comedy,James L. Brooks,7.2,915,264178011
10312,1998,Comedy,Tom Shadyac,7.0,832,152292902
109443,2013,Comedy,Adam McKay,6.0,923,123649015
2022,2002,Comedy,Steven Brill,5.6,644,121269535
37686,2011,Thriller,J.J. Abrams,6.6,2435,210095987
462,2000,Drama,Steven Soderbergh,7.1,716,204271286
9919,2003,Comedy,Donald Petrie,6.3,850,127371441
187017,2014,Crime,Phil Lord,7.0,3319,138441614
628,1994,Horror,Neil Jordan,7.2,1516,163664608
10201,2008,Comedy,Peyton Reed,6.4,1813,155990978
302699,2016,Action,Rawson Marshall Thurber,6.2,1650,166972543
9441,1998,Drama,Chris Columbus,6.9,277,0
274167,2015,Comedy,Sean Anders,5.8,854,192786137
224141,2014,Fantasy,Rob Marshall,5.6,1652,162902372
388,2006,Crime,Spike Lee,7.3,1630,139376254
2112,1999,Drama,Brian Helgeland,6.7,548,71626121
10329,1995,Action,Frank Marshall,5.0,213,102022101
74465,2011,Drama,Cameron Crowe,6.5,909,70081841
13811,2009,Action,Alex Proyas,5.9,1486,105446362
6877,2006,Comedy,Tom Dey,5.5,399,38715192
10320,2005,Drama,Hideo Nakata,5.4,632,111451538
50646,2011,Comedy,Glenn Ficarra,7.0,2443,92851197
8920,2004,Animation,Peter Hewitt,5.2,820,150804534
13673,2004,Comedy,Joe Roth,5.2,193,-60000000
60308,2011,Drama,Bennett Miller,7.0,1381,60206216
6950,1995,Action,Wolfgang Petersen,6.3,513,139859560
225574,2014,Action,Jaume Collet-Serra,6.8,2268,172809600
13836,2009,Adventure,Andy Fickman,5.5,509,56303988
752,2006,Action,James McTeigue,7.7,4442,78511035
6038,2003,Action,David Dobkin,6.0,692,38323487
9975,2006,Adventure,Matthew O'Callaghan,6.2,106,19834815
11451,2005,Comedy,Angela Robinson,5.1,542,16002004
12103,2001,Thriller,Gary Fleder,6.0,220,50020092
60304,2013,Fantasy,Tommy Wirkola,5.7,3239,174803475
2251,2002,Thriller,Adrian Lyne,6.3,276,69137784
46529,2011,Action,D.J. Caruso,5.9,1567,94492830
231,2005,Drama,Stephen Gaghan,6.3,451,44000000
300671,2016,Action,Michael Bay,7.0,938,19411370
228326,2014,Romance,Jorge R. Gutierrez,7.3,755,47437106
9754,2006,Thriller,Richard Loncraine,5.6,267,37800000
66,1997,Crime,Clint Eastwood,6.4,223,68310
4421,1997,Action,Ridley Scott,6.0,395,-1830844
2649,1997,Drama,David Fincher,7.5,1506,59423648
588,2006,Horror,Christophe Gans,6.3,1067,47607453
10393,2000,Comedy,Howard Deutch,6.1,203,0
71552,2012,Comedy,Jon Hurwitz,6.1,1611,184989584
9631,1998,Action,F. Gary Gray,6.8,582,-5452319
216282,2014,Action,Steven Quale,5.8,817,110602194
306,1994,Action,John Landis,5.5,434,69208989
928,1990,Comedy,Joe Dante,6.2,652,-8517793
205587,2014,Drama,David Dobkin,7.2,1417,33719388
6623,1997,Action,Mimi Leder,5.8,255,-50000000
1577,2004,Horror,Alexander Witt,6.1,1267,84394835
9801,2004,Comedy,Beeban Kidron,6.1,750,-9796980
2116,2003,Thriller,Carl Franklin,6.1,298,5495563
9624,1994,Action,Steven Seagal,4.5,104,-1000000
14199,2005,Adventure,Robert Rodriguez,4.4,269,19425966
1907,2000,Drama,Danny Boyle,6.3,1233,104056873
4599,2004,Drama,Garry Marshall,5.9,189,-281389
22832,2009,Action,James McTeigue,6.2,371,20462347
10390,1999,Drama,Sam Raimi,6.3,88,-50000000
9879,1996,Drama,Andrew Bergman,4.4,205,63309743
38579,2010,Family,Tom Dey,5.0,149,33761844
44603,2010,Drama,Clint Eastwood,5.8,510,55197635
11892,2002,Crime,Barbet Schroeder,6.0,268,6714147
9691,1995,Action,Richard Donner,6.0,387,-19696928
1248,2007,Crime,Peter Webber,6.0,654,32169884
12220,1999,Comedy,Rob Reiner,5.9,75,8900031
72710,2013,Action,Andrew Niccol,6.0,1817,19327201
10782,2003,Action,John McTiernan,6.2,286,-7207439
9573,2002,Crime,Clint Eastwood,6.1,206,-23800483
4959,2009,Drama,Tom Tykwer,6.0,368,10161391
10061,1996,Action,John Carpenter,5.6,373,-7722635
10386,1999,Adventure,Brad Bird,7.6,1436,-46840695
421,2004,Adventure,Wes Anderson,7.1,775,-15191597
316152,2016,War,Gary Ross,6.6,428,-24964050
11615,2003,Drama,Alan Parker,7.3,480,-11044402
13498,2005,Comedy,Stephen Herek,5.4,120,-40000000
241554,2015,Action,Jaume Collet-Serra,6.3,1148,21561644
2252,2007,Thriller,David Cronenberg,7.2,848,3612356
11968,2005,Action,John Stockwell,5.8,458,-5565561
10047,1999,Adventure,Luc Besson,6.2,367,6976317
38319,2011,Comedy,David Gordon Green,5.2,501,-23778362
69668,2011,Drama,Jim Sheridan,5.8,391,-11497660
9770,1997,Action,Costa-Gavras,5.9,81,-39458477
11212,1994,Action,Patrick Read Johnson,5.8,274,-33328495
10533,1995,Drama,Roland Joffé,5.5,108,-39617593
38363,2010,Drama,Doug Liman,6.5,235,2188922
9923,2005,Action,Tony Scott,6.0,444,-27055498
11863,1995,Action,William Friedkin,5.2,44,-40148390
18501,2009,Action,Brian Taylor,5.6,760,-9171460
109491,2013,Fantasy,Richard LaGravenese,5.6,984,52138
9275,2002,Comedy,Danny DeVito,5.9,132,-55000000
329833,2016,Comedy,Ben Stiller,4.7,797,5969000
12634,2004,Comedy,George Armitage,5.0,76,-43191450
10416,2000,Comedy,Mike Nichols,5.4,37,-60000000
47327,2011,Fantasy,Patrick Lussier,5.3,600,-21068599
15268,2009,Action,Andrzej Bartkowiak,3.9,112,-37235799
10796,2001,Action,James Wong,5.7,437,23700000
9548,1990,Action,Renny Harlin,6.2,71,-28576611
18947,2009,Drama,Richard Curtis,7.2,666,-13651216
1900,2000,Thriller,Steven Soderbergh,6.9,562,159515725
89,1989,Adventure,Steven Spielberg,7.6,3152,426171806
96724,2012,Drama,Joe Wright,6.5,639,68929150
198184,2015,Crime,Neill Blomkamp,6.6,3062,55399548
9481,1999,Drama,Phillip Noyce,6.5,826,78493655
4547,2002,Crime,David Fincher,6.5,1267,148397415
53953,2006,Horror,Chuck Bowman,4.3,13,0
6415,1999,Action,David O. Russell,6.6,692,33000000
181283,2015,Crime,Daniel Espinosa,6.1,547,-46675670
9896,2001,Adventure,Jerry Zucker,6.0,518,37498534
167,2001,Drama,Iain Softley,7.1,695,2315140
11232,2001,Comedy,James Mangold,6.0,418,0
1636,2000,Fantasy,Harold Ramis,5.6,512,42383208
2148,1984,Music,Francis Ford Coppola,6.6,68,-32071279
5176,2007,Western,James Mangold,6.9,1188,15016220
260346,2014,Thriller,Olivier Megaton,6.1,2200,277771424
1389,1998,Romance,Steven Soderbergh,6.5,333,29745568
9894,1996,Comedy,Ben Stiller,5.7,594,55825796
7504,1998,Drama,Deepa Mehta,6.6,9,528972
8592,1990,Adventure,Warren Beatty,5.9,251,56738726
913,1999,Drama,John McTiernan,6.6,339,76305181
11091,2001,Comedy,Penny Marshall,6.5,103,-12256692
1368,1982,Action,Ted Kotcheff,7.2,1488,110212904
593,1972,Drama,Andrei Tarkovsky,7.7,357,0
5393,2006,Animation,Yvette Kaplan,4.6,104,-8914222
9095,1996,Drama,Stephen Frears,5.7,74,-34620598
8874,1997,Comedy,P.J. Hogan,6.3,584,261288605
11467,2001,Comedy,Joe Roth,5.5,252,0
320,2002,Crime,Christopher Nolan,6.8,1148,67714830
199,1996,Science Fiction,Jonathan Frakes,7.0,661,104000000
20533,2010,Action,Jimmy Hayward,4.4,420,-36461000
10684,1996,Drama,Edward Zwick,6.2,232,54860818
1624,1997,Comedy,Tom Shadyac,6.4,1424,136000000
325789,2016,Crime,Brad Furman,6.6,573,-9563192
113464,1981,Drama,Terence Young,6.5,2,-40800000
888,1994,Fantasy,Brian Levant,5.0,543,295631208
82675,2012,Action,Olivier Megaton,6.1,2757,331141306
4256,2003,Comedy,David Zucker,5.8,912,172673217
1493,2000,Comedy,Donald Petrie,6.1,961,167000000
88751,2008,Action,Eric Brevig,5.8,1309,56702060
11130,2004,Comedy,Garry Marshall,6.0,697,55149435
9944,1993,Drama,Alan J. Pakula,6.3,371,150268056
10731,1994,Drama,Joel Schumacher,6.4,278,72615211
7350,2007,Drama,Rob Reiner,7.0,1111,130372502
9869,1992,Drama,Phillip Noyce,6.3,433,133051587
4379,2005,Romance,Robert Luketic,5.6,406,111749918
146233,2013,Drama,Denis Villeneuve,7.9,3085,76126687
2034,2001,Action,Antoine Fuqua,7.3,1634,59876233
926,1999,Comedy,Dean Parisot,6.9,710,45683916
4248,2001,Comedy,Keenen Ivory Wayans,5.4,982,96220678
64328,2011,Comedy,James Bobin,6.5,501,120184237
36647,1998,Horror,Stephen Norrington,6.5,1905,86183530
7214,2005,Drama,Thomas Carter,7.3,496,46669806
1537,2002,Action,Roger Michell,5.9,299,49935764
9360,1997,Adventure,Luis Llosa,4.7,610,91885767
6282,2000,Comedy,David McNally,5.8,575,68916474
508,2003,Comedy,Richard Curtis,7.0,1869,204931766
9487,1998,Adventure,Andrew Stanton,6.8,2303,243258859
768,2001,Horror,Albert Hughes,6.6,741,39558115
2636,1994,Action,Luis Llosa,5.5,313,125362582
10478,1996,Comedy,Ron Shelton,5.9,150,8854588
27983,1968,Comedy,Melville Shavelson,6.2,26,0
9981,2005,Romance,Jesse Dylan,5.6,176,11070433
7453,2005,Adventure,Garth Jennings,6.6,1315,54478416
15045,2004,Comedy,Joel Zwick,4.3,69,0
7737,2007,Horror,Russell Mulcahy,6.1,1292,103412065
232672,2014,Comedy,Frank Coraci,6.6,1006,83494610
17379,2006,Adventure,Wayne Wang,6.4,119,-6600039
8987,1994,Action,Curtis Hanson,6.1,210,-45000000
11359,1995,Adventure,Frank Oz,5.9,134,-45000000
82525,2012,Crime,Oliver Stone,6.2,766,37966152
9759,2004,Action,David R. Ellis,6.1,537,31422687
9486,2003,Adventure,Peter Howitt,6.0,852,120583018
9906,2006,Fantasy,John A. Davis,5.5,366,5181129
841,1984,Action,David Lynch,6.5,562,-9074310
4688,2007,Adventure,Julie Taymor,7.1,410,0
4148,2008,Drama,Sam Mendes,6.7,796,40225693
2207,2006,Action,Richard Donner,6.2,661,10664721
9381,2008,Action,Mathieu Kassovitz,5.4,676,2108608
9625,1996,Action,John Gray,4.7,100,-45000000
9304,1996,Comedy,Harold Ramis,5.5,154,-45000000
20856,2009,Adventure,John Schultz,5.3,244,12881056
5955,2001,Crime,Sean Penn,6.5,215,-5600000
9899,2005,Comedy,Susan Stroman,6.1,151,-6941665
9826,1996,Adventure,Simon Wincer,4.7,136,-27699111
21355,2000,Drama,Billy Bob Thornton,5.8,60,-57000000
10858,1995,History,Oliver Stone,7.1,71,-30318235
11439,2010,Thriller,Roman Polanski,6.7,670,15222298
9457,1998,Adventure,Stephen Sommers,6.0,154,-33796974
12412,2008,Drama,Spike Lee,6.3,90,-35676167
1494,2006,Action,Zhang Yimou,6.6,203,-110
13184,2008,Action,Danny Pang,5.0,332,-2512610
2185,2002,Action,Barry Sonnenfeld,6.3,80,-31506110
6639,2007,Drama,Mike Newell,6.4,81,-40392392
38153,1997,Action,George P. Cosmatos,4.0,11,-42845460
58233,2011,Crime,Oliver Parker,6.0,1007,115078586
116977,2012,Animation,Lawrence Kasanoff,2.3,28,-64926294
68734,2012,Drama,Ben Affleck,7.1,3423,187824128
5503,1993,Adventure,Andrew Davis,7.2,1220,324875760
27573,2010,Action,Andy Tennant,5.5,858,96000000
819,1996,Crime,Barry Levinson,7.3,715,121615285
1369,1985,Action,George P. Cosmatos,6.3,864,256400432
9623,1996,Drama,Brian Gibson,5.5,89,-44000000
10895,1940,Animation,Ben Sharpsteen,6.9,1355,81700000
10935,1980,Action,Michael Cimino,6.4,55,-40515669
834,2006,Fantasy,Len Wiseman,6.4,1528,61340801
228066,2015,Drama,Paul McGuigan,5.6,685,-5772702
711,2000,Drama,Gus Van Sant,7.0,302,37049764
10468,2000,Comedy,Betty Thomas,6.0,208,-43000000
10027,2005,Action,Louis Leterrier,6.6,518,5871113
11812,2002,Romance,Roger Kumble,5.3,280,25696770
37233,1993,Drama,Sydney Pollack,6.6,501,228248367
37950,2010,Drama,Burr Steers,6.8,566,4190704
27582,2011,Action,Simon West,6.3,1045,11070807
64688,2012,Action,Phil Lord,6.7,4074,159585328
509,1999,Romance,Roger Michell,7.0,1262,321889678
7443,2000,Animation,Nick Park,6.5,1150,179834564
5966,2004,Comedy,John Hamburg,5.8,773,129963386
11066,1992,Comedy,Reginald Hudlin,5.4,134,30100000
136795,2013,Action,Paul Feig,6.5,1575,115674180
8095,1963,Drama,Joseph L. Mankiewicz,6.7,146,39885000
87826,2012,Comedy,Frank Coraci,6.0,593,73100172
11560,2002,Drama,Carl Franklin,6.1,184,21781810
25189,1996,Comedy,Barbra Streisand,6.5,47,-42000000
2637,2002,Drama,Mark Pellington,6.1,305,23157539
18480,2009,Comedy,Larry Charles,5.4,518,-42000000
709,1989,Adventure,John Glen,5.9,541,124167015
49730,2011,Fantasy,Catherine Hardwicke,5.6,922,47162162
2749,2001,Action,John Herzfeld,5.7,191,-3640020
9607,1993,Adventure,Annabel Jankel,4.0,232,-27084535
1830,2005,Crime,Andrew Niccol,7.0,1335,-17872105
79,2002,Drama,Zhang Yimou,7.2,635,146394432
54054,2012,Action,Julie Anne Robinson,5.3,388,-3106279
228967,2014,Action,Seth Rogen,6.1,2304,-31657368
46528,2010,Adventure,Sngmoo Lee,6.3,136,-30912431
27936,2009,Action,Jean-Pierre Jeunet,6.8,148,-19000000
65,2002,Drama,Curtis Hanson,6.8,1626,174000000
280391,2015,Adventure,Jamel Debbouze,5.3,125,0
9476,2001,Adventure,Brian Helgeland,6.6,907,52487473
10610,2003,Thriller,Gordon Chan,5.3,281,-41000000
745,1999,Mystery,M. Night Shyamalan,7.7,3147,632806292
49527,2012,Action,Asger Leth,6.2,925,4221189
73937,2011,Comedy,David Frankel,5.6,248,-33551615
1885,1984,Drama,John G. Avildsen,6.9,891,82815558
168672,2013,Drama,David O. Russell,6.8,2807,211171807
18240,2009,Comedy,Anne Fletcher,6.7,1804,277375031
10398,1999,Crime,Bruce Beresford,6.2,278,107841558
165,1989,Adventure,Robert Zemeckis,7.4,3829,292000000
240832,2014,Action,Luc Besson,6.3,5878,86546825
216015,2015,Drama,Sam Taylor-Johnson,5.2,3254,531006128
12279,2003,Action,Robert Rodriguez,4.7,511,159011982
1645,1996,Crime,Joel Schumacher,7.0,509,112266007
11007,2003,Comedy,Shawn Levy,6.0,699,150212113
193756,2013,Action,Peter Berg,7.4,1526,109295601
11287,1992,Comedy,Penny Marshall,6.7,354,67458785
259693,2016,Horror,James Wan,7.0,1949,280170008
37799,2010,Drama,David Fincher,7.1,3391,184920315
10184,2009,Comedy,Ken Kwapis,6.2,959,137259441
4257,2006,Comedy,David Zucker,5.3,750,133262620
4234,2000,Horror,Wes Craven,5.7,736,121834276
196,1990,Adventure,Robert Zemeckis,7.1,2900,204527583
257091,2015,Comedy,Etan Cohen,5.9,944,71811453
6114,1992,Romance,Francis Ford Coppola,7.1,1056,175862692
24803,2009,Romance,Nora Ephron,6.6,560,89540499
109410,2013,Drama,Brian Helgeland,6.8,787,55020213
1213,1999,Thriller,Anthony Minghella,7.0,767,88798265
100042,2014,Comedy,Bobby Farrelly,5.4,1127,129837010
9036,2006,Adventure,Frank Marshall,6.7,542,80455994
257211,2015,Comedy,Nancy Meyers,7.1,1881,159564672
323675,2016,Action,Tim Story,6.1,555,84827316
9361,1992,Action,Michael Mann,7.1,732,35505856
1677,2004,Drama,Taylor Hackford,7.2,467,84731534
187,2005,Action,Robert Rodriguez,7.2,2691,118733820
7461,2008,Drama,Pete Travis,6.2,716,111161491
16538,2009,Comedy,John Hamburg,6.5,515,50636986
9889,2001,Comedy,Bobby Farrelly,5.7,731,101069860
820,1991,Drama,Oliver Stone,7.5,502,165405498
11565,2006,Comedy,John Whitesell,5.4,371,98259062
6073,2001,Action,Gore Verbinski,5.8,441,90845033
16996,2009,Comedy,Burr Steers,6.1,1350,116267476
193610,2014,Comedy,Nick Cassavetes,6.2,1437,156781193
19912,2009,Horror,David R. Ellis,5.4,831,146167139
296098,2015,Thriller,Steven Spielberg,7.2,2583,125478348
8007,2001,Action,John Moore,6.0,457,51753202
32823,2010,Comedy,Nicholas Stoller,5.9,612,50029656
4380,2004,Drama,Peter Chelsom,5.9,297,120128460
11551,1998,Comedy,Joe Dante,6.2,511,14682547
10336,1997,Action,Mark A.Z. Dippé,5.0,336,47840042
11362,2002,Action,Kevin Reynolds,7.3,453,40395048
50348,2011,Crime,Brad Furman,7.0,902,45412898
48138,2011,Action,Jaume Collet-Serra,6.5,1265,100786397
1124,2006,Drama,Christopher Nolan,8.0,4391,69676311
227159,2014,Comedy,Sean Anders,6.1,1536,65670357
68179,2013,Animation,Callan Brunker,5.7,332,34597643
1579,2006,Action,Mel Gibson,7.3,1221,80175290
708,1987,Action,John Glen,6.2,440,151185897
34851,2010,Action,Nimród Antal,6.0,1206,86248813
9930,1986,Comedy,Ivan Reitman,5.8,51,0
1586,2004,Thriller,David Koepp,6.4,972,52913171
2044,2006,Romance,Alejandro Agresti,6.5,670,74830111
9913,2005,Drama,Iain Softley,6.4,573,48974818
71864,2012,Fantasy,Peter Hedges,6.5,386,51854875
10761,2008,Comedy,Paul Weiland,6.0,394,44601681
209451,2014,Music,Clint Eastwood,6.8,255,27347013
11975,1997,Drama,Francis Ford Coppola,6.7,235,5916769
4970,2003,Horror,Mathieu Kassovitz,5.8,629,101591324
11831,1997,Drama,Steven Spielberg,6.8,316,38000000
9096,1992,Adventure,John McTiernan,5.8,114,-40000000
440,2007,Fantasy,Colin Strause,4.9,740,1797066
11011,1994,Comedy,Donald Petrie,5.4,415,-40000000
10641,2000,Drama,Joan Chen,5.7,135,-65000000
11172,2007,Comedy,Marc Lawrence,6.2,554,105896422
39513,2011,Adventure,Greg Mottola,6.5,1789,57552050
82687,2012,Comedy,Anne Fletcher,5.4,284,1863726
41446,2011,Horror,Wes Craven,6.1,902,57138686
8224,1999,Thriller,Joel Schumacher,6.1,474,56618699
10537,1991,Drama,Oliver Stone,6.7,275,-3583107
225886,2014,Comedy,Jake Kasdan,5.3,1695,86069509
10385,2000,Comedy,Diane Keaton,5.0,40,-3962091
55779,2011,Horror,Steven Quale,5.9,866,110887643
10154,1999,Comedy,Kelly Makin,5.3,140,0
10647,2000,Drama,Mimi Leder,7.0,432,15707411
11431,2005,Comedy,Bobby Farrelly,5.9,182,20451307
8457,2008,Comedy,Steven Brill,5.5,275,-40000000
188161,2014,Comedy,Seth MacFarlane,5.8,1468,0
8850,1994,Adventure,Russell Mulcahy,5.4,138,23063435
64685,2011,Drama,Stephen Daldry,6.9,708,15247881
38357,2010,Comedy,Roger Michell,6.1,412,18785180
10060,2005,Drama,Jim Sheridan,6.3,186,6442528
11398,2000,Crime,Christian Duguay,5.6,135,-9800895
1833,2005,Drama,Chris Columbus,6.7,155,-8329380
10391,2000,Drama,Chuck Russell,4.9,71,-40000000
8970,1999,Comedy,Sam Weisman,5.0,45,-46000000
9306,1996,Fantasy,John Frankenheimer,4.6,147,9627779
11370,2001,Action,Peter Hyams,5.2,56,-12946185
12184,2008,Drama,Justin Chadwick,6.4,477,-35000000
1921,2001,Drama,Pat O'Connor,6.4,278,25754228
1683,2007,Horror,Stephen Hopkins,5.4,205,22771059
203,1973,Drama,Martin Scorsese,7.2,345,2500000
11858,1994,Comedy,Penny Marshall,5.9,81,-15667676
62835,2011,Action,Olivier Megaton,6.5,824,20965854
18937,1998,Fantasy,Frederik Du Chau,6.9,190,-1827500
13536,2002,Crime,Michael Caton-Jones,5.7,92,-17566085
15556,1999,Drama,Irwin Winkler,5.9,48,0
10718,2004,Action,Joseph Kahn,4.7,119,6546197
11062,1996,Drama,Harold Becker,6.0,67,0
10802,1995,Drama,Paul Verhoeven,4.9,256,-24649246
1887,2006,Drama,Sofia Coppola,6.5,642,20474340
6071,1995,Action,Barbet Schroeder,5.7,81,-40000000
10461,2000,Action,Stephen T. Kay,4.8,145,-44187007
80278,2012,Thriller,Juan Antonio Bayona,7.0,2025,138274123
12704,1987,Action,Elaine May,4.2,28,-40624819
10315,2009,Adventure,Wes Anderson,7.5,1176,6471023
16643,2002,Comedy,Stephen Herek,5.7,124,-23127329
2687,1992,Comedy,John Carpenter,5.7,125,-25641967
194,2001,Comedy,Jean-Pierre Jeunet,7.8,3310,163921954
11025,2004,Comedy,Dennie Gordon,5.5,185,0
8849,2004,Comedy,Charles Shyer,5.6,248,-46604061
78698,2012,Adventure,Ken Kwapis,6.6,152,-15280785
30943,1999,Drama,Ulu Grosbard,5.9,54,-9878900
9544,2002,Horror,William Malone,3.2,105,-21097985
24418,2009,Adventure,Paul Weitz,5.5,348,-11830329
7288,2003,Action,Danny DeVito,5.9,482,-20677865
14655,2008,Comedy,Malcolm D. Lee,6.3,47,0
24575,1980,Action,Jerry Jameson,5.2,21,0
10366,1999,Action,Mic Rodgers,4.2,135,-34332107
19898,2009,Action,Christian Alvart,6.5,774,-12354673
4965,2001,Action,Gary Fleder,6.1,135,-40000000
15074,2002,Action,Christian Duguay,5.0,28,-29040525
56715,2001,Comedy,Jean-Marie Poiré,4.8,171,0
1272,2007,Science Fiction,Danny Boyle,7.0,1182,-17982197
72358,2012,Drama,Brian Robbins,6.0,373,-17955723
20542,2008,Adventure,Marc F. Adler,5.4,15,-40000000
266396,2015,Action,Pierre Morel,5.5,392,-26355708
9978,2006,Adventure,Geoffrey Sax,5.1,213,-16062130
8271,2007,Thriller,D.J. Caruso,6.6,1006,97760134
10428,1995,Action,Iain Softley,6.2,398,-12436272
5353,2007,Action,Richard Shepard,6.6,96,0
11934,1994,Comedy,Joel Coen,7.1,275,-30000000
14392,2007,Action,Peter Chan,6.3,83,-40000000
19495,2005,Action,Sergei Bodrov Jr.,4.3,17,-25000000
110415,2013,Action,Bong Joon-ho,6.7,2854,47558912
77459,2011,Adventure,Bibo Bergeron,6.5,313,-25000000
26486,2004,Action,Jeff Nathanson,5.9,15,0
9495,1994,Fantasy,Alex Proyas,7.3,953,79000000
256040,2015,Action,S.S. Rajamouli,7.5,135,60000000
24420,2009,Drama,Robert Schwentke,6.7,798,62229792
1257,2007,Comedy,Michael Lehmann,5.8,191,69485490
62214,2012,Animation,Tim Burton,6.6,932,-3712212
16320,2005,Science Fiction,Joss Whedon,7.4,1264,-130536
8842,2004,Romance,Charles S. Dutton,4.5,32,-32385720
9531,1983,Comedy,Richard Lester,5.3,490,36850624
64807,2013,Comedy,Peter Segal,6.0,433,4907260
12289,2008,Adventure,John Woo,7.1,205,47473609
11529,2002,Comedy,Andy Tennant,6.0,394,150622424
20943,2009,Comedy,Robert Luketic,6.4,972,167298907
9099,1996,Comedy,Jonathan Lynn,5.5,94,0
9488,2002,Action,Robert Rodriguez,5.3,521,81723358
193,1994,Science Fiction,David Carson,6.4,452,82000000
44865,2013,Action,Wong Kar-wai,6.3,273,60216736
55787,2011,Drama,Francis Lawrence,6.7,850,76156230
257932,2014,Adventure,Yuefeng Song,6.8,19,-40000000
10400,1999,Drama,Norman Jewison,7.2,396,23956241
1957,2002,Drama,Michael Apted,6.2,264,13801187
10833,2001,Crime,David Mirkin,5.7,254,-35000000
256961,2015,Action,Andy Fickman,5.0,567,69597242
5852,2001,Drama,Luis Mandoki,5.6,88,-23300000
12312,2001,Comedy,John Pasquin,5.5,40,-38000000
622,1999,Horror,Roman Polanski,6.3,756,20401898
11306,1996,Drama,Michael Apted,5.7,80,-20619874
12508,2001,Music,Stephen Herek,6.0,190,-40008098
25793,2009,Drama,Lee Daniels,6.9,417,37536959
10534,1996,Action,Ridley Scott,6.3,86,-27700000
1091,1982,Horror,John Carpenter,7.8,1588,4629760
87421,2013,Science Fiction,David Twohy,6.2,2035,60337295
10871,1997,Action,Jeb Stuart,5.8,52,-30517805
13503,2001,Action,Steve Miner,5.4,19,0
13600,2008,Adventure,Gil Kenan,6.2,605,-37130952
68722,2012,Drama,Paul Thomas Anderson,7.0,701,-3741940
14324,2007,Adventure,David Leland,4.3,75,-32589251
14325,2008,Drama,Gary Fleder,7.1,71,-30206504
299687,2016,Adventure,J Blakeson,5.6,1945,71906372
312221,2015,Drama,Ryan Coogler,7.3,1915,136567581
23168,2010,Crime,Ben Affleck,7.0,1468,117026136
76494,2012,Romance,Kirk Jones,5.8,594,39700000
4944,2008,Comedy,Joel Coen,6.5,1222,126720069
10488,2008,Adventure,Jennifer Flackett,5.6,330,63076342
96721,2013,Drama,Ron Howard,7.7,2277,52247624
334,1999,Drama,Paul Thomas Anderson,7.5,825,11451803
23742,2010,Action,Kevin Smith,5.3,511,25583804
259694,2016,Comedy,Christian Ditter,5.9,1201,74343513
62837,2011,Drama,Charles Martin Smith,6.7,163,58404397
8966,2008,Adventure,Catherine Hardwicke,5.8,3561,355616625
8470,2002,Drama,Nick Cassavetes,7.0,594,66244770
11001,1999,Action,Les Mayfield,6.1,352,52758500
138832,2013,Comedy,Rawson Marshall Thurber,6.8,2972,232994119
16911,2008,Action,Fyodor Bondarchuk,5.3,23,-14665155
2163,1997,Drama,Jonathan Mostow,6.6,198,14159144
36670,1983,Adventure,Irvin Kershner,5.8,338,124000000
23048,2010,Science Fiction,Steve Pink,6.0,894,28572262
227735,2014,Family,Charles Martin Smith,6.7,96,16424533
2155,2000,Thriller,John Frankenheimer,5.4,173,-9831030
8409,2003,Action,F. Gary Gray,5.8,258,8350926
222936,2015,Drama,Cameron Crowe,5.2,692,-10749980
31908,1996,History,Rob Reiner,6.2,40,0
10219,1999,Drama,Scott Hicks,6.3,32,0
48171,2011,Drama,Mikael Håfström,5.8,556,59047633
782,1997,Thriller,Andrew Niccol,7.5,1808,-23467223
75531,2000,Drama,Andrew Bergman,4.6,14,-32996704
11802,2008,Animation,Kirk De Micco,5.2,99,26800345
9776,2003,Comedy,Chris Rock,5.3,71,0
18785,2009,Comedy,Todd Phillips,7.2,6173,424270619
365222,2015,Action,Wilson Yip,6.5,379,120844753
817,1999,Adventure,Jay Roach,6.2,1011,277940086
268,1989,Fantasy,Tim Burton,7.0,2096,376348924
45054,2011,Drama,Roland Joffé,5.9,27,0
943,1992,Adventure,Richard Donner,6.4,811,286731527
22881,2009,Drama,John Lee Hancock,7.2,1597,280208309
10054,2001,Action,Robert Rodriguez,5.5,867,112934180
51540,2011,Comedy,Seth Gordon,6.5,2277,82000000
44264,2010,Drama,Joel Coen,7.2,1668,214276927
350,2006,Comedy,David Frankel,7.0,3088,291551094
152,1979,Science Fiction,Robert Wise,6.2,530,104000000
109431,2013,Comedy,Seth Gordon,5.6,1645,138965010
1598,1991,Crime,Martin Scorsese,7.0,675,147300000
8065,2008,Drama,Robert Luketic,6.5,1375,34823199
271718,2015,Comedy,Judd Apatow,5.9,1181,105795793
11638,2005,Comedy,Kevin Rodney Sullivan,5.5,225,33915888
409,1996,Drama,Anthony Minghella,7.0,542,204976425
2118,1997,Crime,Curtis Hanson,7.7,1310,91216940
11459,2005,Adventure,Mike Mitchell,5.8,550,51369815
10806,1997,Comedy,Frank Oz,6.3,177,-35000000
9348,1995,Science Fiction,Roger Donaldson,5.5,453,78374103
377,1984,Horror,Wes Craven,7.2,1180,23704513
8843,2000,Horror,Tarsem Singh,6.0,436,71155843
9313,1998,Action,Randall Wallace,6.3,1018,0
39486,2010,Drama,Randall Wallace,6.8,103,25251371
1273,2007,Adventure,Kevin Munroe,6.0,345,61608995
13920,2003,Drama,Mike Tollin,6.8,141,20277485
50544,2011,Romance,Will Gluck,6.5,2237,115483765
325133,2016,Comedy,Nicholas Stoller,5.6,1462,73758521
140823,2013,Comedy,John Lee Hancock,7.3,1226,77544580
1883,1992,Drama,Spike Lee,7.2,370,14169908
89492,2012,Comedy,Judd Apatow,5.6,896,53058786
22949,2009,Comedy,Walt Becker,5.2,210,57219310
12437,2009,Fantasy,Patrick Tatopoulos,6.2,1428,56353501
2959,2007,Comedy,Ken Kwapis,5.2,253,34307224
9957,2006,Comedy,Dennis Dugan,5.2,242,0
11648,2005,Comedy,Gary David Goldberg,5.8,140,28405313
9366,1997,Crime,Mike Newell,7.4,1147,6954997
1576,2002,Horror,Paul W.S. Anderson,6.4,2065,69984862
609,1982,Horror,Tobe Hooper,7.0,794,111500000
5516,2004,Comedy,Joel Coen,6.0,415,0
13051,2008,Action,John Moore,5.2,613,50416905
49530,2011,Action,Andrew Niccol,6.7,3417,133930596
34806,2010,Comedy,Alan Poul,5.7,458,42477008
49022,2011,Comedy,Luke Greenfield,5.9,296,24901913
11469,2001,Adventure,Gil Junger,5.1,287,0
23479,1976,Comedy,Michael Ritchie,6.9,97,323292
11667,1994,Action,Steven E. de Souza,4.1,325,64423521
423,2002,Drama,Roman Polanski,8.0,1864,85072577
2447,2006,Drama,Catherine Hardwicke,6.4,35,-35000000
10066,2005,Horror,Jaume Collet-Serra,5.5,677,28766121
2288,2004,Drama,Mike Nichols,6.7,811,88505027
88794,2011,Drama,Clint Eastwood,6.0,741,49606030
13515,2008,Horror,Alexandre Aja,6.0,485,37436439
11979,2002,Drama,Michael Rymer,5.4,239,10479110
169,1990,Science Fiction,Stephen Hopkins,5.9,730,22120318
8090,2008,Drama,Gregory Hoblit,5.9,238,-2516590
11622,1999,Comedy,Hugh Wilson,6.3,245,5263020
3604,1980,Science Fiction,Mike Hodges,6.1,233,-7892040
9541,2004,Comedy,Kevin Smith,5.8,325,1098382
94348,2012,Action,Rob Cohen,5.1,300,-14646768
8197,1997,Crime,Clint Eastwood,6.3,157,-9894745
336004,2015,Crime,Scott Mann,5.6,318,-4800000
35019,2010,Comedy,Susanna White,6.0,436,58246388
10410,1992,Crime,Danny DeVito,6.1,81,-35000000
8836,2008,Drama,Chris Carter,5.5,523,38369434
14442,2004,Family,Tommy O'Haver,5.9,437,-3611233
321741,2015,Drama,Peter Landesman,7.0,823,15363790
59965,2011,Thriller,John Singleton,5.6,961,47087155
14175,2005,Animation,Gary Chapman,5.2,235,-15521894
11004,2000,Comedy,Curtis Hanson,6.9,161,-35000000
11918,2008,Action,Craig Mazin,4.9,379,-9128166
98357,2013,Thriller,Allen Hughes,5.7,593,-36298836
10012,2005,Horror,Wes Craven,5.1,167,-15705099
49526,2012,Crime,David Koepp,6.2,832,-3916401
268920,2015,Action,Anne Fletcher,5.4,647,16680201
9093,2002,War,Shekhar Kapur,6.5,159,-5117355
119283,2013,Action,Taylor Hackford,5.7,1455,11216641
11823,2004,Comedy,Richard Loncraine,6.0,293,10512007
35169,2010,Comedy,Roger Kumble,4.6,149,4340177
118957,2012,Action,Kimble Rendall,5.3,191,-30000000
849,1983,Fantasy,Peter Yates,5.8,129,-10480540
4515,2007,Action,Robert Redford,6.0,216,28215872
18886,1991,Action,John Milius,5.7,31,-35000000
6575,2007,Comedy,Jake Kasdan,6.6,212,-16682849
6440,2001,Drama,Lasse Hallström,6.4,108,0
13496,2001,Action,Les Mayfield,5.7,55,-21321087
18320,2009,Drama,Jean-Marc Vallée,7.0,322,-7590111
22787,2009,Action,Dominic Sena,5.3,220,-27793972
8967,2011,Drama,Terrence Malick,6.5,987,22674226
37498,1998,Action,Tsui Hark,4.7,64,-33000000
144336,2014,Action,David Ayer,5.5,555,-17491482
9616,2003,Drama,Brian Helgeland,4.8,91,-23439194
13056,2008,Action,Lexi Alexander,5.6,294,-10410627
14113,2006,Family,Peter Hewitt,4.9,135,-22493812
285783,2015,Adventure,Robert Zemeckis,6.9,1121,26181942
49478,1997,Fantasy,Ronny Yu,4.7,9,0
9726,2006,Comedy,Ridley Scott,6.5,357,7064105
20763,1992,Drama,Richard Donner,6.6,53,-30348023
9702,1993,Action,Taylor Hackford,7.7,115,-35000000
9311,1997,Action,Bille August,6.6,60,-35000000
9280,2002,Thriller,Brian De Palma,6.2,142,-18161090
26843,1981,Action,Moustapha Akkad,7.4,34,-35000000
11876,1995,War,Jean-Paul Rappeneau,6.7,25,-20000000
22267,1999,Drama,Ang Lee,6.6,49,-37364904
45958,2010,Drama,Alejandro González Iñárritu,7.0,291,25147786
1969,2006,Action,Joachim Rønning,5.8,307,-24503683
310706,2009,Drama,Tony Kaye,0.0,0,0
198663,2014,Action,Wes Ball,7.0,5371,314319861
239573,2015,Comedy,Ken Scott,5.0,320,-20568747
10436,1993,Drama,Martin Scorsese,7.0,169,-1744560
1381,2006,Drama,Darren Aronofsky,6.8,827,-19695110
2162,1999,Action,Hugh Johnson,5.3,29,-58736034
127493,2012,Action,Simon West,5.1,344,-32893443
12429,2008,Animation,Hayao Miyazaki,7.5,926,145801819
228205,2015,Drama,"George Tillman, Jr.",7.3,1064,29013281
2900,1999,Drama,Rand Ravich,5.4,254,-55401412
21311,2000,Romance,Hugh Hudson,5.3,18,-34000000
77875,2012,Comedy,Gabriele Muccino,5.4,240,-35000000
192136,2013,Drama,Justin Chadwick,6.5,224,-7670000
18254,1981,Drama,Warren Beatty,7.1,67,8382659
881,1992,Drama,Rob Reiner,7.1,877,203240178
10877,2001,Action,Andrzej Bartkowiak,5.3,110,29958599
9600,2000,Crime,Raja Gosnell,5.6,506,143959438
202575,2013,Family,Ben Stassen,6.3,121,-34000000
71469,2011,Horror,Chris Gorak,4.8,469,34626786
85446,2012,Music,Scott Speer,6.7,663,107470746
326,2006,Action,David R. Ellis,5.1,497,29022014
10685,2000,Mystery,Joe Charbanic,4.9,110,-33000000
7220,2004,Action,Jonathan Hensleigh,6.1,766,21700105
9763,2005,Drama,Danny Cannon,6.6,238,-2389127
72387,2012,Action,Boaz Yakin,6.3,799,10346186
12596,1999,Comedy,Mike Newell,5.7,116,-33000000
1892,1983,Adventure,Richard Marquand,7.9,4665,540350000
13460,2008,Action,Neil Marshall,5.8,363,-7788574
8055,2008,Drama,Stephen Daldry,7.2,813,81019290
50647,2012,Comedy,David Wain,5.3,394,-10840066
10719,2003,Comedy,Jon Favreau,6.4,987,141398518
9294,1996,Drama,Jon Turteltaub,6.2,323,120036382
11888,2002,Adventure,Brian Levant,5.3,185,-33000000
9647,1988,Fantasy,Richard Donner,6.7,390,60328000
9353,2006,Comedy,Jared Hess,5.6,359,48197993
55721,2011,Comedy,Paul Feig,6.5,1661,255883523
109414,2013,Action,Seth Rogen,6.3,2359,94041322
10307,1999,Horror,Rupert Wainwright,6.0,242,21041732
11978,2000,Drama,"George Tillman, Jr.",7.0,544,16814909
22907,2010,Action,John Luessenhop,6.0,394,37055695
87567,2013,Comedy,Justin Zackham,5.7,414,-13180652
38322,2011,Crime,John Whitesell,5.3,313,51615414
45612,2011,Thriller,Duncan Jones,7.1,2699,115332697
7305,1993,Action,Frank Marshall,6.7,374,4733909
3594,2007,Thriller,Joel Schumacher,6.3,1018,47566815
157841,2013,Adventure,Jean-Pierre Jeunet,6.7,232,-23505211
11519,1979,Action,Steven Spielberg,5.6,143,-3244258
12920,2005,Drama,John Gatins,6.3,67,0
59,2005,Drama,David Cronenberg,6.9,832,28740827
9335,2005,Action,Louis Leterrier,6.2,1061,53167639
12106,1995,Action,Sam Raimi,6.3,427,-13447540
11141,2004,Action,Peter Howitt,5.6,104,2016165
8649,1999,Drama,Martin Scorsese,6.6,225,-32000000
31867,2010,Action,Miguel Sapochnik,6.2,620,-13590109
10253,2007,Fantasy,Shim Hyung-Rae,4.0,104,-16412596
3587,1996,Fantasy,Norman Jewison,5.4,44,-32000000
124459,2013,Comedy,Don Scardino,5.3,724,-2562119
24662,1997,Animation,Mark Dindal,7.1,24,-28433363
32274,1999,Drama,Tim Robbins,7.2,18,0
182,2006,War,Steven Soderbergh,5.9,86,-26085092
5494,2004,Adventure,Tom Reeve,5.0,13,-32000000
28,1979,Drama,Francis Ford Coppola,8.0,2055,57960381
38073,2010,Comedy,Nanette Burstein,6.0,262,10045846
2054,1995,Music,Stephen Herek,6.9,113,106269971
302156,2016,Action,Ariel Vromen,5.7,557,-16791304
606,1985,Drama,Sydney Pollack,7.0,279,97499205
87502,2012,Drama,Robert Zemeckis,6.5,2415,130772375
698,1979,Action,Lewis Gilbert,5.9,541,176308099
120467,2014,Comedy,Wes Anderson,8.0,4519,144600318
11313,2001,Drama,Scott Hicks,6.4,131,-6814219
6488,1990,Comedy,Frank Marshall,6.2,433,22208180
10559,2000,Crime,Gregory Hoblit,7.0,462,37106245
296099,2015,Comedy,John Francis Daley,6.2,1195,73384188
8012,1995,Comedy,Barry Sonnenfeld,6.4,302,84851622
1574,2002,Action,Rob Marshall,6.9,677,261776732
9032,1999,Comedy,Dennis Dugan,6.1,875,200601895
2770,2001,Comedy,J.B. Rogers,6.0,1344,257553595
862,1995,Animation,John Lasseter,7.7,5269,343554033
1637,1994,Action,Jan de Bont,6.8,1783,320448145
72570,2012,Drama,Michael Sucsy,7.0,1293,166114570
27569,2010,Drama,Tom Vaughan,6.0,89,-15865707
10637,2000,Drama,Boaz Yakin,7.4,821,106706683
1669,1990,Action,John McTiernan,7.2,957,169200000
132363,2013,Drama,Lee Daniels,7.2,1101,90922175
9472,2004,Comedy,Rawson Marshall Thurber,6.2,981,147722310
2907,1991,Horror,Barry Sonnenfeld,6.7,848,161502426
9273,1995,Crime,Steve Oedekerk,6.1,1099,182385533
9880,2001,Comedy,Garry Marshall,6.5,1023,128335153
2925,1996,Comedy,Hugh Wilson,6.5,166,90400000
807,1995,Crime,David Fincher,8.1,5765,294311859
17654,2009,Science Fiction,Neill Blomkamp,7.3,3382,180819611
11836,2004,Animation,Stephen Hillenburg,6.7,574,110161792
322,2003,Thriller,Clint Eastwood,7.6,1422,131822020
70,2004,Drama,Clint Eastwood,7.7,2439,186763646
9535,1999,Comedy,Harold Ramis,6.4,503,96885658
11036,2004,Romance,Nick Cassavetes,7.7,3067,86603229
6557,2008,Comedy,Anne Fletcher,6.1,978,130259319
18126,2009,Comedy,Peter Chelsom,6.0,449,120545279
16340,2000,Adventure,Stig Bergqvist,6.0,100,73
10333,1991,Drama,Barbra Streisand,5.9,56,44787599
4476,1994,Adventure,Edward Zwick,7.2,619,130638883
22947,2009,Drama,Jason Reitman,6.7,1205,138670000
2755,2002,Drama,Alexander Payne,6.7,362,75834556
82654,2013,Horror,Jonathan Levine,6.4,2652,81980662
59967,2012,Action,Rian Johnson,6.6,4697,17042000
16300,2001,Fantasy,Chris Weitz,4.9,95,0
9598,1995,Fantasy,Chris Noonan,6.0,733,224134910
82696,2012,Drama,David Frankel,5.8,284,84281051
9870,2008,Comedy,Nicholas Stoller,6.4,1172,75173115
8292,2005,Action,John Singleton,6.7,607,47374674
8780,2008,Comedy,Michael McCullers,5.8,205,33833449
9715,1998,Drama,Forest Whitaker,5.8,81,0
10521,2009,Comedy,Gary Winick,5.9,856,84663461
10762,2004,Action,Steven Brill,5.3,214,50631118
10096,2004,Comedy,Gary Winick,6.3,1204,59455697
59436,2011,Fantasy,Woody Allen,7.4,1990,121119219
227783,2014,Animation,Peter Lepeniotis,5.5,319,0
4133,2001,Crime,Ted Demme,7.4,1317,30282296
10207,1999,Romance,Luis Mandoki,5.8,196,38880016
172,1989,Science Fiction,William Shatner,5.6,376,40200000
21972,2002,Comedy,John Schultz,5.7,100,-30000000
36593,1994,Comedy,Peter Segal,6.3,521,21132598
707,1985,Adventure,John Glen,6.0,506,122427960
533,2005,Adventure,Nick Park,6.8,643,162452832
6023,2007,Drama,Richard LaGravenese,6.9,977,126835339
6439,2005,Comedy,Frederik Du Chau,5.1,123,63772522
4347,2007,Drama,Joe Wright,7.4,1049,99266061
37056,2010,Comedy,Gary Winick,6.6,796,-30000000
4105,1989,Action,Ridley Scott,6.2,243,15892212
76489,2012,Comedy,Bobby Farrelly,4.9,140,24819301
3933,2005,Romance,Tim Burton,7.2,1894,77195061
9918,2006,Drama,James Gartner,7.2,144,42647449
273481,2015,Action,Denis Villeneuve,7.2,2416,54025816
307081,2015,Action,Antoine Fuqua,7.3,2067,61709827
16871,2009,Horror,Sam Raimi,6.2,966,60810892
293863,2015,Fantasy,Lee Toland Krieger,7.4,1990,40663276
13156,2003,Comedy,Tim McCanlies,6.9,260,0
41233,2010,Drama,Jon M. Chu,6.6,582,129291809
9266,2002,Adventure,John Stockwell,5.6,159,26842679
1262,2006,Comedy,Marc Forster,7.1,721,23653224
4513,2007,Horror,David Slade,6.2,767,45505973
22970,2012,Horror,Drew Goddard,6.5,2263,36486080
7278,2008,Comedy,Jason Friedberg,3.7,359,54646831
9013,1988,Adventure,Martin Brest,7.2,238,8413606
865,1987,Action,Paul Michael Glaser,6.4,703,11122105
10776,1986,Horror,Frank Oz,6.6,384,13748395
50456,2011,Action,Joe Wright,6.5,1263,33782078
9823,1997,Action,John R. Leonetti,3.8,221,21376861
59861,2011,Comedy,Tom Hanks,5.7,359,6160375
133805,2013,Drama,Kimberly Peirce,5.8,1463,52394288
12763,2006,Music,Liz Friedlander,6.6,162,4742066
9766,2006,Action,Phil Joanou,6.5,206,11480851
14034,2001,Action,Sam Weisman,5.1,66,-45000000
12244,2009,Action,Shane Acker,6.6,1262,18428063
109421,2013,Thriller,Steven Soderbergh,6.4,1323,33372757
11137,2004,Comedy,Martha Coolidge,5.9,278,0
51162,2011,Animation,Stephen Anderson,6.8,258,-15540000
10152,2003,Comedy,Troy Miller,4.1,210,20267515
9452,1998,Comedy,Warren Beatty,6.3,66,-797116
239566,2014,Drama,Tate Taylor,6.4,158,31911598
53113,1998,Drama,Carl Franklin,6.2,27,0
9271,1995,Action,Brett Leonard,5.4,163,-5952000
4474,2006,Fantasy,Ivan Reitman,4.8,442,60896147
184346,2014,Thriller,Scott Derrickson,5.9,690,-30000000
48340,2011,Action,Alister Grierson,5.8,339,78609310
14846,2004,Comedy,Nick Hurran,5.2,112,-12965168
72207,2012,Comedy,Nicholas Stoller,5.7,457,23909751
16232,2004,Comedy,Charles Stone III,5.0,66,-8199698
43539,2010,Romance,Paul Haggis,6.9,905,21148651
9920,2006,Science Fiction,Kurt Wimmer,4.8,458,1070211
8978,2005,Thriller,Jean-François Richet,6.0,311,5294470
11702,1998,Action,Antoine Fuqua,6.0,127,-10795071
18550,1996,Action,Kevin Hooks,5.2,47,-7806769
8869,2002,Action,Ellory Elkayem,5.4,295,0
43347,2010,Drama,Edward Zwick,6.6,1233,72820008
3489,2007,Crime,Jon Avnet,5.7,313,-13069116
9701,2005,Drama,Niki Caro,6.8,125,-9775758
2122,2004,Comedy,Howard Deutch,5.5,278,-13844219
37707,2009,Horror,Vincenzo Natali,5.5,671,-26000000
10658,1986,Comedy,Willard Huyck,5.1,221,962774
13150,2008,Thriller,Gavin O'Connor,6.3,240,1148328
9042,2005,Action,Bruce Hunt,5.1,202,-14992009
17813,2003,Comedy,Rob Reiner,5.0,68,-14631103
11208,2004,Drama,Paul McGuigan,6.7,157,-16998743
58151,2011,Horror,Craig Gillespie,6.0,603,7922237
11400,2005,Drama,Terrence Malick,6.4,330,536013
10350,1999,Action,Christopher Roberts,4.0,72,-30000000
28902,1999,Drama,Neil Jordan,5.4,44,0
14164,2009,Action,James Wong,2.9,462,-100000000
76640,2013,Action,Kim Jee-woon,5.7,1266,-30000000
11058,2004,Drama,Nick Hamm,4.7,114,5114487
14844,2004,Comedy,Andy Cadiff,6.1,152,-22999988
57089,2011,Comedy,Mike Disa,4.8,131,-16478171
1947,2005,Drama,Lasse Hallström,6.7,161,-11381716
8054,2009,Adventure,Terry Gilliam,6.3,869,34352607
46829,2010,Comedy,Richard J. Lewis,7.2,129,-21545699
146238,2013,Crime,Brad Furman,5.5,543,32616646
9989,2001,Action,Peter Howitt,5.8,153,-11804390
9665,1989,War,Edward Zwick,7.4,383,8828365
311,1984,Drama,Sergio Leone,8.2,1069,-30000000
102362,2013,Thriller,Niels Arden Oplev,5.9,638,18074539
11162,2004,Drama,Michael Radford,6.7,144,0
6016,2003,Crime,Neil Jordan,6.0,31,0
17186,2005,Action,Steve Boyum,5.4,29,3102550
13967,2006,Drama,Chris Noonan,6.3,141,5078241
2008,2005,Fantasy,Chen Kaige,5.0,29,0
9053,2006,Adventure,Corey Yuen Kwai,5.0,205,-20519686
4512,2007,Action,Andrew Dominik,7.0,776,-15288207
76349,2011,Adventure,Jackie Chan,5.0,41,-29891652
31203,2009,Comedy,Laurent Tirard,5.9,306,0
265208,2015,Thriller,Simon West,5.4,656,-30000000
45610,2011,Action,Marc Forster,6.4,286,-27472096
50135,2010,Animation,Reinhard Klooss,5.5,90,0
1874,2007,History,Bille August,7.0,38,-30000000
271331,2014,Drama,Frédéric Auburtin,3.0,16,-27000000
215211,2014,Romance,Olivier Dahan,5.8,195,-30000000
367961,2015,Fantasy,Maksim Fadeev,6.4,7,-30000000
10955,2002,Crime,Liliana Cavani,6.6,69,-30000000
223702,2016,Adventure,Conrad Vernon,5.6,2238,121752617
254470,2015,Comedy,Elizabeth Banks,6.8,1940,258506194
69,2005,Drama,James Mangold,7.3,718,158438883
4967,2000,Comedy,Edward Norton,5.9,159,7036004
9449,1997,Adventure,Peter Hewitt,5.8,135,-29000000
11499,2008,Drama,Ron Howard,7.2,328,0
4912,2002,Comedy,George Clooney,6.6,275,3013805
12771,2002,Comedy,Reginald Hudlin,5.0,85,-12069815
323676,2016,Comedy,Ben Falcone,5.5,431,49636257
12506,1987,Drama,Richard Attenborough,6.9,51,0
24071,1999,Comedy,Lawrence Kasdan,6.3,26,0
11249,2004,Drama,Don Mancini,4.9,287,12829644
9667,2005,Drama,John Maybury,6.8,455,-7873775
812,1992,Animation,Ron Clements,7.4,3416,476050219
277216,2015,Drama,F. Gary Gray,7.7,1355,173634991
87,1984,Adventure,Steven Spielberg,7.1,2781,305000000
14444,1998,Animation,Norton Virgien,5.7,147,70491683
2043,2001,Crime,Lee Tamahori,6.1,400,45178561
315664,2016,Comedy,Stephen Frears,6.6,392,19902953
1428,2003,Action,Robert Rodriguez,6.2,594,69185582
562,1988,Action,John McTiernan,7.5,3948,112767956
15373,2008,Comedy,David Wain,6.4,564,64380927
318846,2015,Comedy,Adam McKay,7.3,2607,105346506
26320,2009,Music,Ang Lee,6.2,127,0
14292,2004,Drama,Gavin O'Connor,7.0,159,36445708
924,2004,Fantasy,Zack Snyder,6.8,1016,74356381
2018,2001,Comedy,Adam Shankman,5.5,427,59728529
192577,2013,Animation,Shinji Aramaki,6.5,356,-12862698
9428,2001,Comedy,Wes Anderson,7.4,1286,50441250
2832,2003,Mystery,James Mangold,7.1,1061,60259536
137093,2013,Comedy,Jon Turteltaub,6.4,799,106402450
699,1981,Adventure,John Glen,6.3,490,167312802
9778,2001,Comedy,Peter Chelsom,6.6,521,49516304
8831,1994,Thriller,Peter Hyams,5.5,282,74646581
9398,2001,Comedy,Ben Stiller,6.1,1337,32780981
112949,2013,Romance,Lasse Hallström,6.9,823,69594140
10439,1993,Comedy,Kenny Ortega,6.4,471,11514713
3638,2007,Comedy,Scott Hicks,6.1,327,64601050
23483,2010,Action,Matthew Vaughn,7.1,4645,68188903
62206,2011,Action,Ruben Fleischer,5.6,531,12547440
10577,2000,Thriller,Patrick Lussier,4.6,148,5000337
218778,2014,Family,Miguel Arteta,6.1,493,72654149
4348,2005,Drama,Joe Wright,7.7,1358,93147947
78,1982,Science Fiction,Ridley Scott,7.9,3509,5139618
11780,1995,Adventure,Michael Caton-Jones,6.5,148,3596911
192102,2014,Action,McG,6.0,883,24597999
2001,2007,Drama,James Gray,6.5,323,33926886
10383,2000,Horror,Janusz Kamiński,4.5,38,0
11516,2001,Documentary,Jacques Perrin,7.0,49,-15649317
10025,2006,Comedy,Donald Petrie,5.8,491,10159905
15198,1999,Drama,Jay Roach,6.0,69,-19111857
23172,2010,Action,Brian Levant,5.5,345,17236543
17834,1997,Adventure,Michael Ritchie,5.5,46,-19654944
10016,2001,Action,John Carpenter,4.8,296,-13989168
10317,2015,Comedy,David Gordon Green,5.8,195,-20997739
58431,2016,Romance,Burr Steers,5.5,640,-11625672
9746,1997,Drama,Martin Scorsese,6.8,91,-22315211
13092,2008,Comedy,Robert B. Weide,6.2,244,-9713701
59859,2013,Action,Jeff Wadlow,6.3,2224,32700000
13495,2006,Action,Agustín Díaz Yanes,5.6,61,-678046
254473,2014,Action,Camille Delamarre,5.7,615,40896829
700,1983,Adventure,John Glen,6.2,527,160000000
4964,2007,Comedy,Judd Apatow,6.2,1214,189076518
10024,2009,Drama,Nick Cassavetes,7.1,598,65714875
13490,2008,Comedy,Malcolm D. Lee,5.7,57,8650785
15927,1984,Drama,David Lean,6.9,67,19187653
1259,2006,Drama,Richard Eyre,6.9,235,34469904
5125,2007,Drama,Gavin Hood,6.2,205,-2751330
174,1991,Science Fiction,Nicholas Meyer,6.7,413,69900000
9583,2002,Comedy,Callie Khouri,5.6,65,-27000000
9437,1997,Drama,Gary Fleder,6.2,345,33527873
525,1980,Music,John Landis,7.5,1065,88229890
10188,2008,Adventure,Sanaa Hamri,6.0,238,17352417
63574,2012,Comedy,Todd Graff,6.7,33,0
245,2002,Drama,Chris Weitz,6.6,607,102000000
9825,1999,Horror,Steve Miner,5.5,247,29870414
186,2006,Drama,Paul McGuigan,7.4,1323,29308881
9549,1983,Drama,Philip Kaufman,7.3,235,-5500000
61891,2011,Drama,Roland Emmerich,6.3,288,-14604913
34584,1984,Drama,Wolfgang Petersen,7.0,1002,-6841192
2666,1998,Mystery,Alex Proyas,7.2,828,200316
12783,2008,Drama,Saul Dibb,6.7,396,0
13155,1985,Adventure,Walter Murch,6.7,120,-13862199
42807,1998,Crime,Richard Linklater,5.9,44,49000000
28355,2009,Horror,Christian Alvart,6.1,563,2000000
8080,2004,Crime,E. Elias Merhige,5.5,98,-14000000
5126,2007,Drama,Menno Meyjes,6.8,79,0
56288,2011,Family,Robert Rodriguez,4.4,222,58564310
303858,2016,Thriller,Jodie Foster,6.5,1068,66282604
1613,2001,Thriller,Ronny Yu,5.9,173,-14
31582,1999,Comedy,Joel Schumacher,5.9,56,4488529
16617,2004,Mystery,Renny Harlin,6.3,333,-5851171
8944,2008,Comedy,Barry Levinson,5.2,127,-18326578
41488,2003,Drama,Norman Jewison,5.9,23,0
37028,2006,Comedy,Kenneth Branagh,6.9,6,0
14560,2009,Action,Steve Carr,5.2,788,157293131
10330,2003,Comedy,Mark Waters,6.0,879,84230332
6957,2005,Comedy,Judd Apatow,6.2,1983,83449237
1934,1998,Romance,John Madden,6.8,796,264317794
169917,2014,Crime,Scott Frank,6.2,1131,25181600
951,1990,Comedy,Ivan Reitman,5.8,628,186957688
10189,2008,Action,David Gordon Green,6.6,1148,74624843
9454,1998,Drama,Andy Tennant,6.8,399,39705772
2055,2003,Western,Kevin Costner,7.0,262,46296293
1551,1990,Drama,Joel Schumacher,6.3,404,35489265
5902,1977,Drama,Richard Attenborough,6.9,207,28750000
11460,2005,Horror,Wes Craven,6.2,455,31891803
9358,2003,Horror,David R. Ellis,5.9,1023,64426405
134,2000,Action,Joel Coen,7.3,1112,45868327
22894,2010,Horror,Scott Stewart,5.2,629,41918658
134374,2013,Thriller,Michael Bay,6.1,1573,61175291
1901,2004,Comedy,Paul Weitz,5.9,194,0
15028,2002,Adventure,Jonathan Frakes,4.9,89,12793283
11509,1985,Action,Lawrence Kasdan,7.1,146,-26000000
7445,2009,Drama,Jim Sheridan,6.8,633,17318349
17047,2004,Comedy,Kevin Allen,5.2,144,2818995
62838,2011,Comedy,Garry Marshall,5.7,718,86044638
2057,2001,Drama,Michael Cristofer,5.8,198,-6597680
70436,2012,Crime,James McTeigue,6.1,426,3657751
16784,2004,Comedy,Donald Petrie,4.8,54,-16000000
8011,1994,Action,Andrew Morahan,4.5,110,10800000
31640,1996,Crime,Bob Rafelson,5.5,34,-26000000
9092,1997,Fantasy,Michael Cohn,6.0,62,-26000000
2779,2001,Comedy,Woody Allen,6.5,165,0
316002,2015,Romance,David O. Russell,3.9,95,-26000000
36355,1996,Adventure,Alan Shapiro,5.3,84,-5449980
238615,2015,Science Fiction,Tarsem Singh,6.3,1091,4523226
1985,2005,Drama,Fernando Meirelles,6.8,417,57466670
615,2004,Drama,Mel Gibson,6.9,864,581899420
788,1993,Comedy,Chris Columbus,7.0,1591,416286195
380,1988,Drama,Barry Levinson,7.6,1709,387800000
13223,2008,Drama,Clint Eastwood,7.8,3086,236958228
10523,2008,Drama,Oliver Stone,6.1,143,4406464
8681,2008,Action,Pierre Morel,7.2,4369,201830568
239571,2014,Drama,Michael Hoffman,7.2,765,9926213
619,1992,Thriller,Mick Jackson,6.1,661,386006740
424,1993,Drama,Steven Spielberg,8.3,4329,299365567
50014,2011,Drama,Tate Taylor,7.8,1910,99272124
162903,2013,Drama,Bill Condon,5.7,364,-19444992
11024,2004,Mystery,Raja Gosnell,5.4,500,181466833
208763,2014,Thriller,Oleg Stepchenko,4.9,71,-26000000
6466,2003,Horror,Ronny Yu,5.8,594,84908830
254024,2014,Thriller,Michael Winterbottom,4.7,64,0
12589,2001,Action,John A. Davis,5.6,231,55936232
7191,2008,Action,Matt Reeves,6.4,2251,145764026
1497,1991,Science Fiction,Michael Pressman,5.8,286,53000000
117,1987,Crime,Brian De Palma,7.6,1384,51270454
6977,2007,Crime,Joel Coen,7.7,3003,146600000
168530,2014,Action,Tim Story,6.1,853,128997819
634,2001,Comedy,Sharon Maguire,6.5,1356,256929795
392,2000,Comedy,Lasse Hallström,6.8,951,127500343
10327,2003,Comedy,Charles Herman-Wurmfeld,5.1,377,79914842
88042,2012,Comedy,Andy Fickman,5.7,210,94772232
41630,2011,Comedy,Ivan Reitman,6.1,1331,122780440
11969,1993,Action,George P. Cosmatos,7.4,626,31505065
2085,2000,Action,Andrzej Bartkowiak,6.0,330,66036760
794,1976,Horror,Richard Donner,7.2,476,58122980
9286,2006,Horror,James Wong,5.8,974,92719158
77877,2012,Drama,Scott Hicks,6.8,946,74357138
1265,2007,Adventure,Gábor Csupó,7.0,1113,77587063
866,2004,Drama,Marc Forster,7.2,1223,91766556
175555,2013,Comedy,Tyler Perry,7.0,35,0
75174,2012,Action,Joe Carnahan,6.4,1451,52278331
11096,2005,Horror,John Polson,6.1,440,97644820
8699,2004,Comedy,Adam McKay,6.7,1493,64574188
769,1990,Drama,Martin Scorsese,8.2,3128,21836394
10923,2003,Action,Harald Zwart,5.0,284,30795814
11283,2005,Fantasy,Kirk Jones,6.4,711,97489822
111,1983,Action,Brian De Palma,8.0,2948,40884703
11676,1997,Action,Steve Oedekerk,6.3,174,-25000000
746,1987,Drama,Bernardo Bertolucci,7.4,355,20984230
77866,2012,Thriller,Baltasar Kormákur,6.1,770,38100000
9416,1997,Action,Brett Ratner,5.9,87,0
7345,2007,Drama,Paul Thomas Anderson,7.9,1537,52208711
14317,2002,Animation,Cathy Malkasian,5.8,44,-35000000
20694,2003,Animation,Norton Virgien,5.6,61,0
12277,2002,Action,Malcolm D. Lee,5.5,112,16604473
9779,2005,Drama,Ken Kwapis,6.3,386,14053061
2140,2001,Action,Chris Nahon,6.4,298,39437847
12620,2008,Romance,Fred Wolf,5.6,529,45442940
14177,2005,Comedy,Bille Woodruff,5.4,115,11351350
198185,2014,Drama,Craig Gillespie,6.6,259,13307627
227156,2014,Drama,Phillip Noyce,6.4,1798,41980456
10735,2003,Comedy,Dennie Gordon,5.8,368,0
11351,2003,Horror,Victor Salva,5.5,299,46102666
10030,2007,Comedy,Mark Helfrich,5.5,444,34192128
10623,2003,Action,Andrzej Bartkowiak,5.8,236,31489558
590,2002,Drama,Stephen Daldry,7.0,451,16597830
9655,2006,Comedy,Andy Fickman,6.4,671,13889159
1268,2007,Family,Steve Bendelack,6.1,663,204736344
11237,2004,Adventure,Dwight H. Little,4.9,199,50992898
190955,2013,Thriller,Guillaume Canet,6.0,171,-23084528
5123,2007,Drama,Kirsten Sheridan,7.1,797,41122026
4518,1998,Drama,Shekhar Kapur,7.1,334,52150642
11932,1998,Horror,Ronny Yu,5.5,350,25671850
11165,1970,History,Richard Fleischer,6.9,147,4063291
6116,1997,Adventure,Bob Spiers,4.7,123,75000000
57431,2011,Comedy,David Gordon Green,5.4,325,9942188
21724,2009,Action,Damien Dante Wayans,4.7,71,0
278,1994,Drama,Frank Darabont,8.5,8205,3341469
9290,2001,Adventure,Simon Wincer,4.7,146,18288674
11543,1996,Comedy,Bobby Farrelly,6.7,244,-1976566
284536,2014,Thriller,Rupert Wyatt,5.7,543,14171130
152737,2013,Comedy,John Wells,6.9,483,49188937
13374,2005,Drama,Tim Fywell,5.9,185,2645491
8976,2005,Comedy,Nigel Cole,6.5,318,12886719
319888,2016,Comedy,Dexter Fletcher,7.2,661,23152800
9469,1998,Drama,Spike Lee,6.7,134,-3432147
1909,1994,Romance,Jeremy Leven,6.2,183,-2800000
22971,2010,Drama,Lasse Hallström,6.6,1262,89977104
34813,2010,Action,Sylvain White,6.2,515,-1420000
46261,2010,Fantasy,Troy Nixey,5.4,341,11993168
10431,2007,Action,Philip G. Atwell,6.0,414,15452643
8051,2002,Comedy,Paul Thomas Anderson,6.9,530,-8000000
9352,2004,Comedy,Jeff Schaffer,6.5,656,-4203153
10167,2002,Crime,Don Michael Paul,4.6,82,-13000000
18147,2006,Comedy,Paul Feig,5.4,66,-26000000
17170,1988,Drama,James Bridges,4.7,28,0
18975,1996,Animation,Steve Barron,5.0,54,0
15487,2005,Drama,Bill Paxton,6.9,110,-9568823
22825,2009,Thriller,Richard Kelly,5.4,597,3333531
11152,2008,Drama,Carter Smith,5.6,265,-8000000
1831,2000,Comedy,John Schlesinger,4.3,29,-637228
43931,2010,Drama,Wes Craven,5.2,147,-5170043
10591,2004,Comedy,Luke Greenfield,6.3,824,5411183
10861,1996,Action,Ringo Lam,5.2,101,26702483
12770,2002,Action,Bruce McCulloch,4.4,46,0
276907,2015,Crime,Brian Helgeland,6.7,973,17972994
10074,2007,Action,Akiva Schaffer,6.3,313,14334401
65055,2011,Horror,David R. Ellis,4.9,132,-17873542
10397,1999,Drama,Alan Parker,7.0,59,-12
200505,2014,Drama,Ivan Reitman,6.5,304,3831145
11954,1985,Fantasy,Tobe Hooper,6.2,135,-25000000
60309,2010,Crime,Robert Redford,6.2,137,-9521200
9787,2005,Drama,Catherine Hardwicke,7.0,210,-11588043
293646,2015,Drama,Patricia Riggen,6.0,378,-97277
6978,1986,Action,John Carpenter,7.1,705,-14000000
133698,2012,Comedy,Pascal Chaumeil,5.6,194,0
59440,2011,Action,Gavin O'Connor,7.7,1272,-1942885
1770,1996,Drama,Neil Jordan,6.7,97,-11100000
10655,1993,War,Ronald F. Maxwell,6.6,90,25000000
8988,2008,Drama,Kimberly Peirce,6.1,82,-13792870
15992,2002,Drama,Stephen Gaghan,4.6,45,-14280643
17707,1999,Drama,Jonathan Kaplan,6.2,111,-12000000
77883,2012,Horror,Ole Bornedal,5.8,498,71446075
40001,1996,Comedy,Richard Benjamin,5.3,25,-14930000
64639,2011,Drama,Rod Lurie,5.5,144,-14675559
9903,2006,Comedy,Lasse Hallström,6.4,60,-13227539
21338,1991,Action,Craig R. Baxley,5.7,34,0
20766,2009,Adventure,John Hillcoat,6.8,1087,-4364695
24264,1984,Action,John Guillermin,5.0,22,-19221647
19803,2005,Action,Marcos Siega,5.5,28,0
20309,2001,Comedy,J.B. Rogers,4.8,47,-25000000
9912,2005,Drama,Roger Donaldson,7.3,166,-25000000
9067,1995,Action,Rachel Talalay,5.5,138,-20935505
27360,2005,Comedy,Jeffrey W. Byrd,5.1,14,0
8338,2008,Drama,Fernando Meirelles,6.4,387,-5155021
168705,2005,Action,Uwe Boll,3.5,118,-22594580
72113,2011,Comedy,Roman Polanski,7.0,738,2603069
9729,2005,Drama,Atom Egoyan,5.9,66,-25000000
94352,2012,Fantasy,Andrew Adamson,6.1,58,34153101
22256,1998,Drama,Robert Towne,6.2,19,-24222577
12404,2009,Comedy,Richard Linklater,6.6,49,-22663828
152742,2013,Drama,Giuseppe Tornatore,7.7,704,5755873
11699,2009,Drama,Werner Herzog,6.0,326,-14410898
49953,2010,Animation,Ben Stassen,5.6,151,0
48034,2010,Comedy,Guillaume Canet,7.1,380,23531470
39845,2010,Drama,Taylor Hackford,6.0,21,0
25353,2009,Family,Jérôme Deschamps,3.8,7,0
36696,2010,Family,Inna Evlannikova,6.3,10,-18500000
109091,2013,Thriller,Ridley Scott,5.0,712,46009334
38543,2011,Romance,Jonathan English,6.2,227,-25000000
33157,1970,History,Sergey Bondarchuk,7.0,31,-21948000
290864,2014,Crime,Teddy Chan,6.5,114,-25000000
242166,2014,Action,Mario Van Peebles,4.1,26,-25000000
859,1988,Drama,Stephen Frears,7.0,257,20670720
83770,2012,Adventure,Walter Salles,5.5,301,-16215682
168,1986,Science Fiction,Leonard Nimoy,6.9,477,109000000
1246,2006,Drama,Sylvester Stallone,6.5,835,131721132
4233,1997,Horror,Wes Craven,6.1,840,148363301
174751,2016,Action,Gavin O'Connor,5.4,285,-23602716
184098,2014,Comedy,Tim Story,6.4,225,46181428
2069,2000,Comedy,Jonathan Lynn,6.2,531,65071651
1788,1984,Drama,Herbert Ross,6.4,505,71835402
11635,2003,Comedy,Todd Phillips,6.6,541,63055349
177,1991,Comedy,Terry Gilliam,7.2,341,17895491
3600,1998,Horror,Danny Cannon,5.1,374,-24997888
2621,2000,Romance,Bonnie Hunt,6.1,67,12609995
10358,2008,Comedy,Kevin Smith,6.1,721,18105111
10480,2000,Comedy,Neil LaBute,5.9,111,-24000000
10313,2009,Comedy,Grant Heslov,5.9,742,44729358
18828,2001,Adventure,George Gallo,5.5,24,0
3558,1999,Drama,James Mangold,7.6,721,-40000000
13476,2004,Comedy,Robert Luketic,5.5,160,-19902
10208,1999,Fantasy,Tim Hill,5.8,92,-7709024
24961,1978,Adventure,Sidney Lumet,5.9,58,-2950947
20697,2000,Action,Brian Robbins,4.7,49,-11627590
20761,1999,Comedy,Ron Shelton,5.7,53,-15565854
70868,2011,Romance,Douglas McGrath,5.0,141,6551495
43593,2010,Comedy,Alexandre Aja,5.3,581,59188165
6478,2004,Drama,Kevin Spacey,6.5,55,-23000000
40688,1998,Animation,Steve Boyum,4.1,19,-19437854
26672,1993,Adventure,Richard Williams,6.8,26,-27330724
45881,2004,Romance,Mary McGuckian,5.4,15,0
41283,2010,Crime,"George Tillman, Jr.",6.1,568,-918274
4935,2004,Fantasy,Hayao Miyazaki,8.2,1991,210710455
19908,2009,Comedy,Ruben Fleischer,7.2,3550,78791382
10663,1998,Comedy,Frank Coraci,5.9,512,162991646
1891,1980,Adventure,Irvin Kershner,8.2,5879,520400000
9737,1995,Action,Michael Bay,6.5,1699,122407024
37137,1991,Comedy,David Zucker,6.6,546,63930411
9532,2000,Horror,James Wong,6.4,1378,30302314
10316,2011,Drama,George Clooney,6.5,910,63493061
2787,2000,Thriller,David Twohy,6.7,1789,30187659
12658,2001,Comedy,Tony Goldwyn,6.0,118,-23000000
152601,2013,Romance,Spike Jonze,7.9,4097,24351251
10866,2001,Mystery,John Dahl,6.3,325,13642838
227707,2013,Fantasy,Jonathan Newman,5.1,73,-24993601
21349,1999,Drama,Wayne Wang,5.9,66,-4346385
19150,2000,Action,Michael Dinner,6.4,11,0
70435,2011,Action,Steven Soderbergh,5.6,505,10372606
580,1987,Adventure,Joseph Sargent,3.5,224,28881013
9819,1996,Drama,Jerry Zaks,6.6,124,0
13579,2008,Drama,Fred Durst,6.5,11,0
20024,1999,Drama,Neil Jordan,6.6,55,-12172184
2453,1991,Action,Simon Wincer,6.1,82,-15565274
6973,2007,History,Paul Haggis,6.6,261,6541790
11156,2009,Drama,Anne Fontaine,6.6,246,0
354110,2015,Western,Jon Cassar,5.8,101,-11000000
22215,2009,Drama,Stephen Frears,5.9,56,-13633773
11632,2004,Drama,Mira Nair,5.5,73,-6876149
30596,2009,Drama,Teddy Chan,6.5,57,-17162326
3021,2007,Horror,Mikael Håfström,6.5,1343,69679598
957,1987,Comedy,Mel Brooks,6.7,902,15419483
256917,2014,War,Russell Crowe,6.8,431,-6979977
251,1990,Fantasy,Jerry Zucker,6.9,1339,483000000
544,1998,Romance,Bobby Farrelly,6.5,1590,346884651
11395,1994,Fantasy,John Pasquin,6.3,489,167833357
14635,2002,Drama,John Lee Hancock,6.5,110,55597042
13680,2007,Comedy,Andy Fickman,6.0,428,125880543
688,1995,Drama,Clint Eastwood,7.3,385,158016617
11090,2001,Action,Luke Greenfield,4.6,304,62772742
783,1982,Drama,Richard Attenborough,7.4,716,55737889
228194,2014,Drama,Lasse Hallström,7.3,508,66880821
1642,1995,Crime,Irwin Winkler,5.6,354,88627965
10950,2001,Drama,Jessie Nelson,7.2,530,70542418
235260,2014,Drama,Christopher Spencer,5.9,83,45800064
277,2003,Fantasy,Len Wiseman,6.6,2512,73708457
8999,2005,Drama,Mikael Håfström,6.1,319,35479076
11323,2009,Drama,Steven Soderbergh,6.0,301,13424826
10445,1993,Drama,Richard Attenborough,6.8,61,-22000000
11453,2005,Comedy,Mike Bigelow,4.7,225,400154
146239,2013,Comedy,Ken Scott,6.2,551,25164106
205588,2016,Thriller,Susanna White,6.0,160,9930095
10878,2001,Comedy,Dennis Dugan,5.4,154,-2648431
82650,2012,Comedy,David Bowers,6.0,223,55112176
10279,1999,Thriller,Spike Lee,6.3,112,0
2294,2001,Comedy,Kevin Smith,6.4,480,11788161
2176,2001,Drama,Daniel Sackheim,5.4,201,-6380391
270487,2016,Comedy,Joel Coen,5.7,1309,41647656
19366,2001,Comedy,Deborah Kaplan,5.3,72,-22000000
204082,2013,Action,Gary Fleder,6.4,875,21058898
24100,2000,Family,Uli Edel,6.1,77,-8444012
1599,2004,Comedy,David O. Russell,6.2,239,-22000000
5550,1993,Action,Fred Dekker,4.2,305,-11303790
30379,2001,Action,Brian Trenchard-Smith,3.6,8,0
42586,1970,Drama,Blake Edwards,4.9,8,0
17709,1999,Comedy,Hugh Wilson,3.8,48,-70000000
287948,2015,Thriller,Camille Delamarre,5.2,559,47629670
7548,2004,Drama,Laurence Dunmore,5.9,128,0
9075,2006,Drama,Paul Verhoeven,7.2,277,5193068
11661,2005,Romance,Christian Carion,7.2,212,-4290845
109513,2012,Action,Dax Shepard,5.5,224,12400000
12085,2008,Action,Callie Khouri,5.9,140,0
204922,2014,Mystery,Rowan Joffe,6.2,659,-6552846
38985,1977,Action,William Friedkin,7.4,98,-10000000
44113,2010,Drama,John Curran,5.2,192,-12520282
21494,2007,Romance,Laurent Tirard,6.7,45,0
164457,2013,Thriller,Scott Cooper,6.5,720,-6600000
4566,2007,Drama,Tony Gilroy,6.5,501,67991835
17795,1996,Comedy,Peter Segal,6.3,46,0
1073,1999,Drama,Mark Pellington,7.0,239,-21500000
153158,2013,Animation,Juan José Campanella,6.0,122,2000000
81836,2012,Romance,Woody Allen,5.6,546,56244881
10724,1982,Science Fiction,Clint Eastwood,5.5,139,52687344
9473,1999,Animation,Trey Parker,7.1,893,-21000000
2196,2007,Comedy,Frank Oz,6.9,497,-8999954
1499,1993,Action,Stuart Gillard,5.1,184,21000000
20857,2001,Comedy,Brian Robbins,6.3,123,8222729
82693,2012,Drama,David O. Russell,6.9,4742,184738714
1646,2007,Crime,Richard LaGravenese,7.5,356,20170784
44944,2010,Drama,Tyler Perry,7.0,22,37000000
4108,2002,Action,Louis Leterrier,6.6,1692,22928932
8456,2008,Drama,Jeff Wadlow,6.4,497,21627431
7341,1999,Horror,Katt Shea,5.1,76,-3237295
19255,2009,Drama,Sam Mendes,6.7,189,-2100583
10187,2008,Drama,Joshua Michael Stern,5.8,65,-3400000
31005,2002,Romance,Brad Silberling,6.5,52,-10988950
49517,2011,Drama,Tomas Alfredson,6.6,840,-30000000
44857,1999,Drama,John Duigan,5.5,14,0
50780,2011,Drama,Jodie Foster,6.3,276,-20029184
16363,1982,Comedy,Colin Higgins,5.9,41,34701637
1946,1999,Action,David Cronenberg,6.7,475,-12143288
85,1981,Adventure,Steven Spielberg,7.7,3854,371925971
772,1992,Comedy,Chris Columbus,6.3,2395,340991681
840,1977,Science Fiction,Steven Spielberg,7.2,1098,283788635
9682,2006,Horror,Jim Sonzero,5.0,150,-8092315
96,1987,Action,Tony Scott,6.1,613,279965036
10678,2003,Comedy,Adam Shankman,5.4,183,112675402
274,1991,Crime,Jonathan Demme,8.1,4443,253742922
8872,1992,Music,Penelope Spheeris,6.5,728,101697323
16290,2010,Comedy,Jeff Tremaine,6.4,428,97224271
579,1978,Horror,Jeannot Szwarc,5.9,406,167884007
14405,2008,Adventure,Raja Gosnell,4.9,209,129281606
138843,2013,Horror,James Wan,7.4,3092,305000141
11637,2005,Adventure,Brian Levant,5.2,221,65918663
226486,2014,Comedy,Ben Falcone,5.0,500,80525432
1584,2003,Comedy,Richard Linklater,6.7,1414,96282949
9312,1995,Action,Paul W.S. Anderson,5.4,442,104195920
12153,2004,Comedy,Keenen Ivory Wayans,6.3,679,76086475
65057,2011,Comedy,Alexander Payne,6.7,934,157243185
8326,2003,Adventure,Andrew Davis,6.7,383,-20000000
35690,2010,Drama,Julie Anne Robinson,6.9,923,0
76203,2013,Drama,Steve McQueen,7.9,3674,167000000
13497,2002,Drama,Charles Stone III,6.2,116,37588485
35688,2010,Comedy,Tyler Perry,6.1,29,40072596
162,1990,Fantasy,Tim Burton,7.5,3601,33000000
296096,2016,Drama,Thea Sharrock,7.6,2562,187945075
103370,2012,Drama,Tyler Perry,5.9,52,0
1051,1971,Action,William Friedkin,7.4,422,39358757
376659,2016,Comedy,Jon Lucas,6.3,1252,163936074
10073,2006,Comedy,Jason Friedberg,3.6,222,28548426
16690,2002,Adventure,Robin Budd,6.1,290,89862682
273895,2014,History,Ava DuVernay,7.4,817,46787908
14873,2003,Family,Steve Trenbirth,5.6,269,115680000
8968,2005,Thriller,Stephen T. Kay,4.6,191,47192859
9963,2007,Thriller,Mennan Yapo,5.8,381,64146832
15655,2000,Animation,Jun Falkenstein,6.3,143,15554533
21208,2009,Horror,Jaume Collet-Serra,6.7,1261,21596251
272878,2015,Adventure,Boaz Yakin,6.8,276,23967255
9760,2007,Action,Jason Friedberg,3.2,326,66865564
314365,2015,Drama,Tom McCarthy,7.8,2686,68346473
13279,2008,Drama,Neil LaBute,5.9,292,7640028
1975,2006,Horror,Takashi Shimizu,5.2,283,19143839
33644,1998,Comedy,Kevin Rodney Sullivan,6.0,24,17672350
1649,1991,Adventure,Peter Hewitt,5.9,308,0
9895,2006,Comedy,Barry Levinson,5.8,129,21237648
9570,1979,Adventure,Gary Nelson,6.1,131,15841901
27579,2010,Crime,Anton Corbijn,5.8,481,45464324
16052,1997,Drama,Gregory Nava,7.0,114,40000000
40264,2010,Horror,Jason Friedberg,4.2,315,60547866
1164,2006,Drama,Alejandro González Iñárritu,6.9,1055,110330182
239678,2014,Drama,Shawn Levy,6.5,505,21496320
14359,2008,Drama,John Patrick Shanley,7.0,435,30907234
3989,2004,Music,Trey Parker,6.6,660,18907422
76617,2013,Horror,John Luessenhop,5.3,465,27241945
1710,1995,Drama,Jon Amiel,6.4,194,0
4258,2013,Comedy,Malcolm D. Lee,4.6,793,58378744
20391,1969,Drama,Joshua Logan,6.2,63,11678778
10139,2008,History,Gus Van Sant,7.1,612,34586584
335778,2016,Action,Kevin Reynolds,5.7,295,26069568
9645,2002,Horror,Steve Beck,5.3,531,33349884
55465,2011,Comedy,Todd Strauss-Schulson,6.0,328,16387212
617,1998,Crime,John McNaughton,6.3,444,47200000
19904,2009,Horror,Nelson McCormick,5.4,167,0
48289,2010,Drama,John Madden,6.3,257,25636368
243,2000,Comedy,Stephen Frears,7.0,628,17126295
6933,2008,Horror,Eric Valette,4.7,171,-20000000
17182,1996,Drama,John Schlesinger,5.8,63,-20000000
8848,2008,Thriller,Roger Donaldson,6.6,697,44822796
38,2004,Science Fiction,Michel Gondry,7.9,3652,52258126
38303,2010,Comedy,Andy Fickman,6.0,368,12005248
1266,2008,Action,David Ayer,6.3,363,45569869
107985,2013,Comedy,Edgar Wright,6.7,1778,26089287
14043,2007,Action,Andrew Fleming,5.8,143,0
19901,2009,Fantasy,Michael Spierig,6.0,634,31416464
34016,2010,Comedy,Jim Field Smith,5.9,525,29779728
59860,2011,Adventure,Thomas Bezucha,6.0,593,-2575000
10069,2006,Horror,William Brent Bell,5.3,155,18105095
9588,1990,Romance,Simon Wincer,6.5,119,0
12819,2010,Family,Ben Gluck,5.3,124,19300000
9954,2006,Action,Renny Harlin,5.2,288,17597471
10115,2006,Comedy,Jessica Bendinger,6.3,148,0
25132,2009,Comedy,Robert Rodriguez,5.1,44,-11027492
577,1995,Fantasy,Gus Van Sant,6.7,175,1284514
328387,2016,Mystery,Henry Joost,7.1,2181,63707310
12690,2008,Drama,Ed Harris,6.3,299,211394
9945,1998,Action,John Carpenter,5.8,255,-20000000
539,1960,Drama,Alfred Hitchcock,8.2,2320,31193052
13596,2008,Romance,Howard Deutch,5.4,220,16620508
226857,2014,Drama,Shana Feste,6.7,542,14077920
13159,2007,Comedy,Garry Marshall,5.6,130,-20000000
47941,1981,Comedy,Steve Rash,4.9,7,-17702507
526,1985,Adventure,Richard Donner,6.8,260,-1568000
22796,1998,Comedy,Mark Steven Johnson,6.5,52,-1746585
2355,2007,Drama,Mike Binder,7.1,334,2222308
5915,2007,Adventure,Sean Penn,7.8,3045,41255142
9842,2006,Comedy,Todd Phillips,5.6,111,-2192431
61012,2012,Thriller,Michael J. Bassett,5.0,432,32302796
755,1996,Horror,Robert Rodriguez,6.9,1603,6836616
13682,2005,Animation,Frank Nissen,6.4,88,0
9089,1995,Comedy,Jodie Foster,6.3,39,17519169
9470,2004,Action,Stephen Chow,7.2,831,80914445
18357,2002,Adventure,Peter Hastings,4.3,20,-35000000
7979,2007,Drama,Marc Forster,7.3,394,53276047
470,2003,Drama,Alejandro González Iñárritu,7.2,918,40427839
15644,2004,Action,Paul Abascal,5.8,52,-3394237
9582,2003,Comedy,Chris Koch,5.3,83,-2567837
10642,2000,Drama,Amy Heckerling,5.0,120,0
22074,2009,Documentary,Michael Moore,7.0,167,-2563491
2428,1965,Drama,George Stevens,6.5,41,-4526667
290751,2015,Crime,Billy Ray,6.2,336,15354990
13805,2008,Action,Jason Friedberg,3.0,240,-10890716
4597,2009,Action,Nimród Antal,5.5,208,2942221
9414,1997,Comedy,Jon Amiel,6.5,125,-6198245
63492,2011,Comedy,Mark Mylod,6.2,671,10426096
81796,2012,Action,Stephen St. Leger,5.8,715,12204030
10710,2004,Comedy,Barry Levinson,4.8,139,-40000000
15092,2009,Action,Brian Taylor,5.9,861,14560577
11382,1994,Action,Woody Allen,7.0,130,0
15005,2006,Drama,Michael O. Sajbel,6.1,12,-6608826
8198,2002,Drama,Phillip Noyce,6.4,81,-2325876
6963,2005,Comedy,Gore Verbinski,6.0,289,-7517225
15070,2002,Action,Walter Hill,6.1,139,-7601372
12797,2008,Comedy,David Koepp,6.4,286,0
17134,2009,Action,Renny Harlin,5.7,220,-2719674
41402,2010,Drama,Matt Reeves,6.7,641,4145613
18885,1994,Adventure,Charles T. Kanganis,4.5,48,0
4953,2008,Drama,Michel Gondry,6.2,424,0
10773,2005,Comedy,Stephen Frears,6.4,62,0
146198,2016,Action,John Hillcoat,5.6,797,-7360703
2639,1997,Comedy,Woody Allen,7.3,187,-9313159
10563,1999,Comedy,Damon Santostefano,5.4,62,-20000000
295964,2015,Drama,John Wells,6.3,950,16606743
5971,1989,Comedy,Neil Jordan,5.6,105,-20000000
9716,1996,Music,Woody Allen,6.5,147,-20000000
11835,2007,Action,James Wan,6.5,297,-3025541
26171,2009,Drama,Kirk Jones,6.5,284,-21000000
31117,2004,Comedy,Bob Clark,1.9,35,9109322
9074,2005,Action,Les Mayfield,5.4,133,12382362
14396,2007,Action,Les Mayfield,4.7,78,-9662523
15673,2004,Comedy,Michael Lembeck,6.4,24,-8658984
42618,1969,Comedy,Bob Fosse,6.5,15,12000000
171274,2014,Comedy,Paul Thomas Anderson,6.5,833,-8889025
24432,2006,Family,Frank Passingham,3.2,18,0
109417,2013,Music,Benson Lee,5.9,88,-3450523
13948,2008,Comedy,David Zucker,4.1,20,-13000000
106747,2013,Action,Robert Rodriguez,5.3,631,3008161
10929,2003,Horror,Glen Morgan,5.8,82,-22000000
14220,2008,Comedy,Fred Wolf,4.7,69,6575282
46435,1999,Comedy,Mike Leigh,6.7,41,0
256962,2015,Comedy,Alejandro Monteverde,7.0,185,-13579681
48231,2011,Drama,David Cronenberg,6.2,571,12462041
3509,2006,Animation,Richard Linklater,6.8,532,-1040082
82684,2012,Drama,Curtis Hanson,7.0,216,0
12142,2005,Action,Uwe Boll,3.1,173,-9557192
23367,2009,Comedy,Todd Graff,5.4,126,-14789012
10740,2004,Drama,Jonathan Glazer,5.9,179,-20000000
241239,2014,Crime,J.C. Chandor,6.5,546,-7992930
14582,2008,Drama,Paul Gross,6.3,26,0
14914,2008,Drama,Marc Abraham,6.3,59,0
3902,2007,Drama,Todd Haynes,6.6,195,-15998879
77948,2012,Action,Mabrouk El Mechri,4.8,271,-3136417
21755,2008,Adventure,Rian Johnson,6.8,203,-14469236
4960,2008,Drama,Charlie Kaufman,7.4,278,-21000000
128,1997,Adventure,Hayao Miyazaki,8.2,1983,132875308
14652,2003,Comedy,Jean-Paul Rappeneau,5.7,20,0
40932,1980,Comedy,Nancy Walker,4.9,9,0
16608,2005,Action,John Hillcoat,7.1,218,3048693
334531,2015,Drama,Angelo Pizzo,6.8,36,-20000000
32316,2003,Comedy,Richard Benjamin,3.3,12,-18324294
7299,2002,Action,Kurt Wimmer,6.9,1552,-14640355
13405,2008,Drama,Roger Spottiswoode,6.5,52,-32600000
19457,2000,Drama,James Gray,6.0,97,0
112937,2012,Family,Matthew Diamond,2.2,8,0
314385,2015,Drama,Angelina Jolie,5.4,156,-6272254
8953,2004,Animation,Katsuhiro Ōtomo,6.4,102,-20000000
29078,2005,Drama,David Anspaugh,5.8,14,0
46503,2010,Drama,Andrew Jarecki,5.9,286,0
10448,1994,Adventure,Kevin Reynolds,6.2,33,-19694930
13688,2008,Comedy,Stephen Chow,6.1,107,47301471
10353,1998,Comedy,Jean-Marie Poiré,5.8,221,0
43935,2011,Action,Kevin Munroe,4.5,139,-15365938
11458,2002,Drama,Daniel Algrant,5.5,48,-20000000
44638,2010,Drama,Julie Taymor,6.0,31,-19653406
241257,2015,Horror,Alejandro Amenábar,5.3,585,17671101
14538,2008,Action,Daniel Lee,6.6,35,0
13250,2007,Crime,Mike Barker,6.3,130,-20000000
133931,2012,Comedy,Wayne Thornley,5.3,68,-20000000
280871,2014,Drama,Gnana Rajasekaran,5.0,3,0
239897,2014,Animation,Tom Walsh,0.5,1,0
184341,2016,Drama,Jonathan Jakubowicz,6.1,109,-20000000
334074,2015,Thriller,James McTeigue,5.4,404,-20000000
199373,2013,Thriller,Scott Walker,6.1,465,-21723049
14202,2006,Drama,John Curran,7.1,312,-19400000
6968,2008,Action,Uli Edel,7.1,157,-27000000
581,1990,Adventure,Kevin Costner,7.6,1046,402208848
52449,2011,Comedy,Jake Kasdan,5.4,1584,196197492
12150,1989,Drama,Harold Becker,6.7,141,91879513
11247,2004,Comedy,Mark Rosman,6.1,713,51067909
4232,1996,Crime,Wes Craven,7.0,1476,159046663
9378,2001,Horror,Steve Beck,5.4,440,0
694,1980,Horror,Stanley Kubrick,8.1,3757,25017374
105,1985,Adventure,Robert Zemeckis,8.0,6079,362109762
11377,1999,Horror,William Malone,5.5,209,21846082
26367,2009,Drama,Tyler Perry,6.0,40,0
385383,2016,Action,Rob Hawk,3.9,8,-27000000
41210,2010,Comedy,Josh Gordon,5.9,583,30830607
12090,2003,Comedy,Shawn Levy,5.3,404,83564935
62630,2011,Drama,Lee Tamahori,6.5,208,-13371787
16110,2000,Animation,Britt Allcroft,4.6,8,0
29427,2010,Mystery,Breck Eisner,6.2,633,34956140
129,2001,Fantasy,Hayao Miyazaki,8.3,3840,259925095
244114,2013,Action,Alan Yuen,5.9,43,0
2669,1984,Action,Roger Donaldson,6.5,108,-16386538
203833,2013,Drama,Brian Percival,7.4,1486,76586316
13523,2008,Comedy,Sean Anders,6.0,342,-244064
25195,2010,Romance,Anand Tucker,6.4,465,10922472
17277,1964,Drama,Anthony Mann,6.0,33,-14250000
50725,2011,Comedy,Michael Dowse,6.2,208,-12071932
82631,2012,Drama,Daniel Barnz,5.8,40,5310554
73191,1993,Family,Emile Ardolino,5.6,5,-16880006
22479,1996,Thriller,Robert Altman,6.1,12,-18000000
340611,2016,Drama,James Schamus,6.8,69,0
10065,2005,Horror,Andrew Douglas,6.0,588,89047131
2757,2002,Comedy,Spike Jonze,7.3,638,13801173
11683,2005,Horror,George A. Romero,6.0,381,31770602
244339,2013,Action,Danny Pang,5.8,11,0
1878,1998,Adventure,Terry Gilliam,7.2,1301,-7819725
23082,2009,Comedy,Ricky Gervais,6.0,518,13412793
195589,2014,Comedy,Nicholas Stoller,6.2,2713,250157400
854,1994,Romance,Chuck Russell,6.6,2472,328583407
2280,1988,Fantasy,Penny Marshall,6.9,993,133668774
496,2006,Comedy,Larry Charles,6.5,1579,243572744
8835,2001,Comedy,Robert Luketic,6.1,882,123774679
157,1984,Science Fiction,Leonard Nimoy,6.4,434,69000000
8643,2005,Crime,Scott Derrickson,6.3,659,125216468
10402,1999,Comedy,Mike Mitchell,5.5,308,48535067
218043,2014,Thriller,Vic Armstrong,3.7,392,3682924
9043,2005,Comedy,Thomas Bezucha,6.2,249,0
21301,2004,Comedy,Kevin Rodney Sullivan,5.6,74,47070412
10147,2003,Drama,Terry Zwigoff,6.5,656,53488889
816,1997,Science Fiction,Jay Roach,6.5,1013,51183989
302688,2016,Romance,Kirk Jones,5.5,322,70923251
60307,2011,Family,David Bowers,6.3,238,51417394
106,1987,Science Fiction,John McTiernan,7.3,2093,80235548
279,1984,Drama,Miloš Forman,7.8,1076,33973029
8617,2008,Crime,Nelson McCormick,4.8,167,14796236
10625,2004,Comedy,Mark Waters,6.9,2320,112042871
10934,2003,Comedy,Audrey Wells,6.4,172,0
5279,2001,Drama,Robert Altman,6.8,246,67954044
10013,1986,Comedy,Francis Ford Coppola,5.9,136,23382841
194662,2014,Drama,Alejandro González Iñárritu,7.4,4535,85215094
160588,2013,Comedy,Woody Allen,7.0,1098,81206215
9829,2006,Drama,Paul Greengrass,6.9,367,61286096
10028,2003,Romance,Bille Woodruff,6.0,303,44646763
10535,1996,Action,Rick Friedberg,4.9,147,-18000000
790,1980,Horror,John Carpenter,6.4,311,20378361
43959,2011,Action,Sean McNamara,6.9,342,29088990
10364,1970,War,Mike Nichols,6.7,72,6911670
16991,2009,Comedy,Jody Hill,5.6,225,24007324
9610,1984,Adventure,Richard Fleischer,5.8,383,82000000
1578,1980,Drama,Martin Scorsese,7.7,938,5000000
25643,2009,Drama,Brandon Camp,5.6,180,18133014
11904,1985,Action,Barry Levinson,6.7,167,-18000000
28665,2009,Music,Kevin Tancharoen,5.5,135,0
44115,2010,Adventure,Danny Boyle,7.0,2606,17692920
10569,2000,Action,Woody Allen,6.4,155,0
10560,2000,Drama,Nicholas Hytner,6.8,90,-799075
333348,2015,Comedy,Jessie Nelson,5.4,167,7000000
20483,2004,Family,Bart Freundlich,4.9,76,-1297136
11457,2001,Drama,Irwin Winkler,7.2,120,-18000000
321697,2015,Drama,Danny Boyle,6.8,1573,4441873
19840,2009,Comedy,Chris Columbus,5.1,197,-18000000
22327,2009,Drama,Miguel Arteta,5.9,319,-18000000
38665,1981,Action,William A. Fraker,3.7,14,-15054400
2575,2001,Drama,John Boorman,6.2,92,7008462
11644,1981,Drama,Brian De Palma,7.3,236,-6000000
146227,2013,Action,Courtney Solomon,4.9,246,-7498062
68924,1997,Drama,Ang Lee,6.9,176,-9961939
253235,2014,Comedy,Rob Reiner,5.7,164,7312387
22102,1989,Adventure,Jeff Kanew,5.6,56,0
18701,2004,Comedy,István Szabó,6.4,23,0
10068,1986,Drama,Adrian Lyne,5.8,177,-10264078
848,1981,Fantasy,Matthew Robbins,6.5,67,-3889987
36811,2009,Drama,Michael Hoffman,6.7,55,0
522,1994,Comedy,Tim Burton,7.3,630,-12112543
130150,2013,Drama,Jason Reitman,6.7,299,2275812
12246,2007,History,Sergei Bodrov,6.5,158,8527510
13809,2008,Action,Guy Ritchie,6.9,836,7739015
27380,1982,Adventure,Hal Needham,3.5,15,0
10549,1996,Drama,Kenneth Branagh,7.3,117,0
33870,2009,Drama,Bruce Beresford,6.8,28,-4280549
245703,2016,Adventure,Jeff Nichols,6.2,694,-11787718
10739,2003,Comedy,Woody Allen,6.2,149,0
127560,2013,Drama,Jonathan Teplitzky,6.7,273,4309223
37903,2009,Crime,Michael Haneke,7.2,255,-15238800
396152,2016,Horror,Zack Ward,5.3,11,0
10017,1986,Romance,Mike Marvin,5.9,108,800000
11468,2002,Drama,D.J. Caruso,7.0,104,-17323302
193613,2013,Music,Nimród Antal,6.7,83,-10027033
17436,2008,Drama,Gregor Jordan,4.4,60,-17617826
43434,2010,Crime,Olivier Assayas,6.7,50,-17128721
31166,2009,Thriller,Tran Anh Hung,5.6,20,-18000000
69848,1999,Western,Lance Hool,9.3,2,0
8408,1985,Horror,George A. Romero,6.9,270,30500000
332411,2016,Action,Chuck Russell,4.5,179,-18000000
9389,2006,Action,Christian Volckman,6.7,77,-16168652
9626,1985,Adventure,Richard Fleischer,5.0,206,-10951367
75638,2012,Thriller,Rodrigo Cortés,6.0,376,-448826
8363,2007,Comedy,Greg Mottola,7.0,2100,101463226
15670,2009,Comedy,Tyler Perry,6.4,52,90508336
290555,2014,Horror,David Hayter,5.7,82,-18000000
8328,2008,Music,Jon M. Chu,6.5,640,127816700
10982,2005,Animation,Cory Edwards,5.9,479,36053787
205,2004,Drama,Terry George,7.5,793,20500000
1620,2007,Action,Xavier Gens,5.9,966,75965753
175541,2013,Drama,Kasi Lemmons,5.8,16,-10481811
241254,2014,Thriller,Brian A Miller,4.6,218,248586800
31932,2002,Thriller,Matt Dillon,5.4,18,0
1933,2001,Horror,Alejandro Amenábar,7.4,1660,0
679,1986,Horror,James Cameron,7.7,3220,164816455
11113,1964,Drama,George Cukor,7.4,352,55070731
3597,1997,Horror,Jim Gillespie,5.6,687,108586134
193893,2014,Comedy,Luke Greenfield,6.4,1219,119621271
9675,2004,Comedy,Alexander Payne,6.9,478,93502303
9988,2006,Comedy,Jay Chandrasekhar,5.8,172,1679969
948,1978,Horror,John Carpenter,7.4,1035,69700000
21765,2003,Comedy,John Robert Hoffman,4.7,30,-17000000
146304,2013,Comedy,Malcolm D. Lee,6.7,110,54625195
7516,2006,Action,Joe Carnahan,6.4,534,40103895
41439,2010,Horror,Kevin Greutert,5.8,730,116150434
2752,2002,Comedy,Michael Lehmann,5.2,297,-17000000
9429,1998,Comedy,John Fortenberry,5.9,198,13331165
38117,2011,Drama,Daniel Barnz,6.0,849,26165571
9792,2006,Horror,Alexandre Aja,6.1,705,54623713
13778,2003,Comedy,Sam Weisman,5.1,64,0
228203,2015,Drama,Niki Caro,7.4,213,45710059
41382,2010,Comedy,Erik White,5.6,54,0
13960,2006,Drama,Christian Robinson,6.0,32,1170563
114150,2012,Comedy,Jason Moore,7.3,2247,98350426
26602,2001,Drama,Mike Tollin,4.8,63,-14306109
10223,1998,Drama,Sam Raimi,6.9,187,0
16028,2002,Horror,Robert Harmon,4.6,74,-17000000
15639,2006,Comedy,Trent Cooper,3.3,17,0
16112,1999,Family,Gary Halvorson,6.3,14,0
26390,2009,Crime,Antoine Fuqua,6.2,293,12536299
27759,1963,Action,Nicholas Ray,6.3,36,-7000000
109428,2013,Horror,Fede Alvarez,6.4,1723,80542952
23049,2009,Comedy,Donald Petrie,5.6,101,3455276
9310,2006,Comedy,Paul Weitz,4.9,95,-9685973
11411,1987,Action,Sidney J. Furie,4.1,318,2300000
16988,2008,Drama,Ian Iqbal Rashid,3.0,6,0
7304,2006,Action,Wayne Kramer,7.0,331,-7500000
24747,2004,Drama,Rowdy Herrington,5.5,19,0
58048,1986,Adventure,Jim Goddard,2.9,15,-17000000
1491,2006,Fantasy,Neil Burger,7.1,1615,46915017
2989,1981,Adventure,Noel Marshall,5.6,19,-15000000
10629,2003,Drama,Joel Schumacher,6.8,59,-15430082
255343,2014,Thriller,Andrea Di Stefano,6.1,271,-13241672
4723,2006,Action,Richard Kelly,5.2,153,-16625257
10800,2008,Animation,Guillaume Ivernel,6.5,129,-15000000
25763,1977,Action,Jack Smight,5.0,27,-8280000
79694,2012,Horror,Todd Lincoln ,4.5,140,-7372508
4032,1991,Comedy,Howard Zieff,7.0,428,-16500000
18615,2006,Drama,Steven Shainberg,5.8,73,-14518911
10673,1987,Crime,Oliver Stone,7.0,546,28848069
4584,1995,Drama,Ang Lee,7.2,352,118500000
2977,2007,Drama,Julian Jarrold,6.9,317,20811672
10760,2007,Comedy,Joe Nussbaum,6.0,236,-2879925
11093,2003,Drama,Vadim Perelman,7.0,199,442795
207,1989,Drama,Peter Weir,8.1,2705,219460116
8467,1994,Comedy,Bobby Farrelly,6.5,1859,231275374
639,1989,Comedy,Rob Reiner,7.3,950,76823546
24226,1982,Drama,Sidney Lumet,7.4,131,37977250
9285,2000,Comedy,Todd Phillips,5.9,542,103754278
14709,1999,Comedy,Brian Robbins,6.0,122,0
74643,2011,Drama,Michel Hazanavicius,7.3,1049,118432856
13788,2009,Horror,David S. Goyer,4.8,365,60514050
83666,2012,Comedy,Wes Anderson,7.6,1662,52263166
10781,2006,Horror,Jonathan Liebesman,5.9,402,-16000000
318850,2016,Drama,Cyrus Nowrasteh,6.4,30,-12009599
13908,2002,Comedy,Perry Andelin Blake,3.7,78,0
1417,2006,Fantasy,Guillermo del Toro,7.6,3041,64258226
39180,2001,Action,John Whitesell,4.8,44,0
16161,2001,Crime,John Singleton,7.4,55,13381649
49950,2011,Thriller,Christian E. Christiansen,5.3,224,24492759
10956,2001,Mystery,Dennie Gordon,5.5,242,13287695
9594,1991,Thriller,Sheldon Lettich,5.3,215,15102717
4638,2007,Crime,Edgar Wright,7.4,2199,68573774
13972,2008,Comedy,Diane English,4.6,96,34007546
5038,2008,Drama,Woody Allen,6.7,1020,81408652
13491,2007,Action,Peter Flinth,6.4,76,-25000000
10571,2000,Comedy,Robert Iscove,5.4,103,4627372
10994,2002,Drama,Peter Kosminsky,7.2,108,0
19994,2009,Comedy,Karyn Kusama,5.3,837,15556061
25166,2000,Comedy,Nick Gomez,5.4,43,-572808
30890,1987,Comedy,Woody Allen,7.0,127,-16000000
23169,2010,Drama,Allen Coulter,6.9,948,-20000000
17403,2003,Drama,Clare Kilner,5.7,42,0
12120,1988,Comedy,Richard Benjamin,5.3,131,-6146000
9800,1993,Drama,Jonathan Demme,7.6,988,180678440
1090,1999,Thriller,Josef Rusnak,6.8,378,2564088
18475,2004,Comedy,Lance Rivera,4.6,10,-15999988
40160,1979,Action,Ronald Neame,5.1,36,0
18074,2000,Comedy,Bruce Paltrow,5.5,34,0
9689,2002,Comedy,Woody Allen,6.4,113,-16000000
9781,1999,Comedy,Adam Rifkin,6.7,100,-2282885
8009,1986,Adventure,Russell Mulcahy,6.8,624,-10100000
3877,2007,Drama,Susanne Bier,6.7,90,-13150858
8854,1997,Science Fiction,Kenneth Johnson,4.3,48,-14313571
152599,2013,Drama,James Gray,6.2,250,-10132314
18840,2005,Drama,James Ivory,6.9,21,0
68727,2013,Thriller,Danny Boyle,6.5,956,4261569
12657,2004,Romance,Jessy Terrero,4.7,108,-1177654
8265,2008,Comedy,Dany Boon,6.8,615,42191886
12410,2008,Drama,Vicente Amorim,6.3,29,0
34647,2009,Fantasy,Gaspar Noé,7.2,387,-12245751
73935,2012,Comedy,Amy Heckerling,4.8,91,-16000000
28178,2009,Drama,Lasse Hallström,7.7,1717,31801389
185567,2013,Crime,Jérôme Salle,6.7,172,-16000000
264656,2014,Western,Tommy Lee Jones,6.4,258,-12557147
35696,2002,Comedy,Jesse Vaughan,4.2,20,-15600000
16351,2002,War,Atom Egoyan,5.7,16,0
38717,2001,Action,William Bindley,5.3,3,0
18777,2005,Mystery,Wayne Beach,5.5,16,-14262385
2110,2001,Drama,Gérard Krawczyk,6.2,283,-15300000
9035,2006,Comedy,James Gunn,6.3,317,-15500000
90,1984,Action,Martin Brest,6.8,961,301360478
771,1990,Comedy,Chris Columbus,7.1,2414,458684675
12154,1987,Family,Leonard Nimoy,5.8,253,0
9576,1982,Comedy,Sydney Pollack,6.9,421,156200000
744,1986,Action,Tony Scott,6.7,1698,341830601
146,2000,Adventure,Ang Lee,7.2,927,196525736
14,1999,Drama,Sam Mendes,7.9,3313,341296601
45269,2010,Drama,Tom Hooper,7.6,2752,399211549
9493,1988,Comedy,Ivan Reitman,5.7,559,201614388
22556,2008,Drama,Udayan Prasad,6.4,52,-14683000
873,1985,Drama,Steven Spielberg,7.7,338,131292009
33196,2009,Action,Yoon Je-kyoon,6.5,48,-4698351
205596,2014,History,Morten Tyldum,8.0,5723,219555708
10765,1980,Comedy,Howard Zieff,6.0,102,0
16769,1980,Drama,Michael Apted,7.2,67,52182787
33217,2010,Comedy,Thor Freudenthal,5.9,355,60700498
132232,2013,Horror,Andy Muschietti,6.0,1401,131497771
11153,1983,Comedy,Harold Ramis,7.1,410,46399552
208134,2013,Comedy,Jeff Tremaine,6.0,680,136831537
1165,2006,Drama,Stephen Frears,6.8,338,108384128
4011,1988,Fantasy,Tim Burton,7.1,1444,58326666
17202,2007,Comedy,Tyler Perry,6.1,33,40184721
9587,1994,Drama,Gillian Armstrong,7.0,215,-18000000
65086,2012,Drama,James Watkins,6.1,1206,110730736
10053,2006,Horror,Simon West,5.4,268,51966987
11870,2002,Comedy,Shawn Levy,5.6,197,37970014
11778,1978,Drama,Michael Cimino,7.8,921,35000000
586,1997,Comedy,Barry Levinson,6.7,270,49256513
18736,2003,Family,Jim Fall,5.7,280,38534455
134411,2013,Thriller,Ric Roman Waugh,5.8,1138,7930462
287903,2015,Horror,Michael Dougherty,5.9,584,46548707
9276,1998,Horror,Robert Rodriguez,6.2,492,25283321
15765,1993,Drama,Brian Gibson,6.9,72,0
2142,1997,Action,James Mangold,6.6,382,29862187
11397,2001,Comedy,Joel Gallen,5.5,431,50468332
77016,2012,Crime,David Ayer,7.2,1170,41126384
11478,2000,Crime,Rob Cohen,5.8,156,20007180
266856,2014,Drama,James Marsh,7.8,3311,108726688
13411,2003,Comedy,John Whitesell,4.7,77,0
10564,2000,Comedy,Matt Williams,6.9,155,18771174
947,1962,Adventure,David Lean,7.8,851,54995385
24150,2009,Horror,Rob Zombie,5.1,267,24421467
228970,2014,Drama,Jean-Marc Vallée,7.0,951,37501541
18405,2009,Crime,Dennis Iliadis,6.2,440,17721635
6961,2005,Comedy,Clare Kilner,6.2,230,32175038
11442,2002,Horror,Rick Rosenthal,4.5,228,24664855
2493,1987,Adventure,Rob Reiner,7.6,1486,14857814
14047,2007,Drama,Denzel Washington,6.9,151,15226144
64690,2011,Drama,Nicolas Winding Refn,7.4,3725,63054825
11132,2004,Comedy,Sara Sugarman,5.1,221,14331068
17127,1998,Comedy,Nicholas Hytner,5.6,72,31905889
1562,2007,Horror,Juan Carlos Fresnadillo,6.5,1197,49238440
232679,2014,Drama,Thomas Carter,6.3,130,15127963
17880,2005,Comedy,Wayne Wang,6.1,61,18645546
14736,2000,Action,Gina Prince-Bythewood,7.4,88,7728118
9434,1997,Action,George Armitage,6.9,275,28084357
23706,2009,Comedy,Phil Traill,4.7,295,25105542
11531,2000,Mystery,Joe Berlinger,4.3,212,0
9100,1996,Drama,Andrew Fleming,6.3,380,9769466
116,2005,Drama,Woody Allen,7.3,1105,70306374
38843,2010,Comedy,Elizabeth Allen Rosenbaum,6.1,245,0
1245,1993,Drama,James Ivory,7.5,202,11737911
4995,1997,Drama,Paul Thomas Anderson,7.5,796,28101594
10413,1993,Action,Robert Harmon,5.5,119,0
14012,2006,Drama,Michael Mayer,6.1,52,6000000
9793,2007,Horror,Martin Weisz,5.2,351,-15000000
12212,2000,Horror,John Ottman,4.4,100,24574362
13768,2002,Fantasy,Jay Russell,6.4,128,0
8975,2006,Action,John Bonito,5.0,163,2165608
342521,2016,Action,Peter Atencio,6.0,421,5566327
45272,2010,Drama,Shana Feste,5.9,80,5529194
9424,1998,Mystery,David Nutter,5.5,104,2507368
97367,2013,Drama,Derek Cianfrance,6.8,1653,20485608
254904,2014,Crime,Roger Donaldson,6.0,639,17556119
18681,1999,Drama,Stephan Elliott,5.3,42,-15000000
12162,2008,Drama,Kathryn Bigelow,7.2,1840,27000000
11495,1984,Fantasy,Mark L. Lester,5.9,173,2080167
64689,2012,Crime,Andrew Dominik,5.8,742,22930465
157849,2014,Thriller,Anton Corbijn,6.5,541,16554855
13166,2001,Comedy,Tom Green,4.6,115,0
15511,2008,Adventure,Mike Nawrocki,5.9,25,0
37003,2007,Music,Mark Pellington,6.7,10,7730842
12211,2000,Action,Douglas Aarniokoski,4.4,104,-9156392
13816,2006,Crime,Bryan Barber,5.1,17,0
51828,2011,Drama,Lone Scherfig,7.0,978,44389433
22798,2009,Drama,Drew Barrymore,6.7,357,1633035
7501,2001,Crime,Brian Koppelman,5.9,97,-3000000
10743,2003,Action,James Foley,6.4,126,0
37718,1999,Fantasy,Albert Brooks,5.3,31,0
15237,2004,Drama,Irwin Winkler,6.3,32,-20000000
9686,1989,Comedy,Francis Ford Coppola,6.2,64,-15000000
17644,1998,Family,Steve Gomer,2.9,8,0
97430,2012,Action,RZA,5.2,358,608545
12257,1998,Drama,Dean Parisot,4.8,32,-4556684
13539,2000,Romance,Mark Piznarski,5.4,48,0
68,1985,Comedy,Terry Gilliam,7.5,861,-15000000
14024,2004,Music,Sean McNamara,6.0,211,-132486
115,1998,Comedy,Joel Coen,7.8,2926,31189568
7874,2006,Drama,Craig Brewer,6.6,243,-4096154
4911,2002,Action,Ron Shelton,6.5,85,-5762530
1988,2007,Drama,Michael Winterbottom,6.7,95,2928871
16222,2000,Drama,David Raynr,5.0,37,-5097885
9557,2002,Comedy,Mort Nathan,4.7,146,-11413624
9026,2002,Comedy,Oliver Parker,6.7,127,0
57943,1998,Comedy,Dan Curtis,4.7,3,0
18276,2006,Drama,Wil Shriner,5.5,44,0
8321,2008,Comedy,Martin McDonagh,7.4,1388,19533783
72359,2013,Comedy,Tina Gordon Chism,5.6,26,-15
10186,2008,Comedy,Peter Cattaneo,5.6,156,-6237110
25704,2009,Comedy,Vicky Jenson,5.0,100,-8594755
133694,2012,Drama,Gus Van Sant,6.0,243,-6861212
19265,2009,Comedy,Woody Allen,6.8,350,20097815
36047,2000,Thriller,Mary Lambert,4.7,15,-9782502
8053,2005,Adventure,Tommy Lee Jones,7.0,177,-2963851
2290,1999,Comedy,Peter Kassovitz,6.0,90,0
5236,2005,Action,Shane Black,7.2,886,785148
6552,1999,Thriller,Rodman Flender,6.1,182,-20847770
1018,2001,Thriller,David Lynch,7.6,1477,5117339
10075,2007,Drama,Katja von Garnier,5.4,87,0
38031,2010,Comedy,Woody Allen,5.8,251,-22000000
42188,2010,Drama,Mark Romanek,6.8,737,-5544768
112430,2007,Drama,Mikael Salomon,7.0,12,0
6687,2008,Thriller,Brad Anderson,6.5,195,-9073590
13853,1986,Adventure,Michael Chapman,4.8,27,-15000000
31306,1999,Comedy,Antonio Banderas,6.5,12,0
8461,2007,Horror,Michael Haneke,6.3,545,-7061128
331592,2015,Drama,Khalil Sullins,5.5,31,0
47692,1999,Drama,Atom Egoyan,6.6,23,0
19,1927,Drama,Fritz Lang,8.0,657,-91969578
10045,2004,Action,Pierre Morel,6.5,565,-2415869
400,1995,Drama,Gary Fleder,6.7,85,-7470234
253450,2015,Action,Hou Hsiao-hsien,6.6,157,-14367458
9104,2001,Drama,Gregor Jordan,6.5,93,-15000000
11190,2003,Thriller,Andrey Zvyagintsev,7.4,100,0
16353,2008,Adventure,Tony Jaa,6.0,152,436663
23759,2010,Adventure,Neil Marshall,5.9,386,-5185211
24206,1996,Drama,Russell Mulcahy,5.0,22,-14923618
10185,2008,Mystery,Ryûhei Kitamura,6.0,290,-11466773
75033,2011,Drama,Darrell James Roodt,5.2,5,-15000000
74536,2011,Drama,Dito Montiel,4.8,92,-15000000
31668,2001,Action,Stefan Ruzowitzky,6.1,7,-14977000
13501,2007,Comedy,Jake Paltrow,5.7,41,-14979620
15208,2008,Drama,Juraj Jakubisko,5.6,31,0
172391,2013,Animation,Anthony Silverston,5.8,72,7187375
262543,2014,Thriller,Gabe Ibáñez,5.6,670,-7000000
9288,2005,Action,Gerry Lively,4.8,36,0
370980,2015,Drama,Daniele Luchetti,7.3,12,-15000000
20083,2009,Drama,Derek Yee Tung-Sing,6.7,65,-15000000
40880,2001,Drama,Julien Temple,4.5,2,0
137,1993,Romance,Harold Ramis,7.4,2301,56306973
264999,2015,Comedy,Gregory Jacobs,6.3,706,107713057
454,1996,Drama,Baz Luhrmann,6.7,1374,132798761
53457,2010,Drama,Gilles Paquet-Brenner,7.2,196,7511906
288980,2014,Drama,Peter Cousens,5.8,9,-14500000
33,1992,Western,Clint Eastwood,7.7,1113,145157447
1951,2005,Drama,Lars von Trier,6.9,78,-13525082
12405,2008,Drama,Danny Boyle,7.6,2827,362910544
10998,1987,Drama,Adrian Lyne,6.6,291,306145693
114,1990,Romance,Garry Marshall,7.0,1746,449000000
9396,1988,Adventure,John Cornell,5.5,303,239606210
319910,2015,Thriller,Vidhu Vinod Chopra,5.0,10,0
2604,1989,Drama,Oliver Stone,6.7,395,147001698
864,1993,Comedy,Jon Turteltaub,6.8,491,140864401
14435,2009,Mystery,Patrick Lussier,5.3,299,85734718
1931,2007,Drama,Sylvain White,6.1,88,62511123
691,1977,Adventure,Lewis Gilbert,6.6,507,171438673
9877,1998,Horror,Jamie Blanks,5.6,290,58527595
62008,2012,Comedy,Tyler Perry,6.2,45,0
12227,1991,Action,Randal Kleiser,6.5,135,20793160
13824,1999,Comedy,Bruce McCulloch,5.1,83,0
71688,2011,History,Phyllida Lloyd,6.2,527,101956699
15173,2002,Action,Phil Vischer,6.4,22,0
8291,1993,Drama,John Singleton,6.9,47,13515786
13950,2002,Action,Kevin Bray,5.8,48,11482931
12158,1995,Comedy,Wes Craven,4.5,111,5800000
11586,1977,Horror,John Boorman,4.5,133,16749142
10008,2005,Horror,Courtney Solomon,5.3,142,0
2830,2003,Comedy,David Zucker,4.4,180,-14000000
12403,2009,Thriller,David Twohy,6.2,351,8852638
34563,2010,Comedy,Rick Famuyiwa,5.7,39,7409028
14557,1998,Comedy,Alan Cohn,5.6,49,0
10368,1999,Comedy,Franco Zeffirelli,5.8,32,9001563
10280,1996,Horror,Tom Holland,5.5,124,0
12637,1977,Drama,Martin Scorsese,6.1,67,0
34152,1994,Comedy,Spike Lee,6.7,31,0
14434,2007,Comedy,Chris Rock,5.0,55,2196245
11470,2001,Horror,James Isaac,4.5,291,5951798
10741,2006,History,Emilio Estevez,6.4,119,0
24940,2001,Comedy,Mark Waters,5.3,73,-3575530
82679,2012,Comedy,Josh Schwartz,5.5,134,-2582638
2013,2007,Drama,Julian Schnabel,7.4,283,5777647
1440,2006,Romance,Todd Field,6.9,240,-11178342
18041,2000,Drama,Davis Guggenheim,5.5,68,-8891180
28029,1999,Drama,Tony Goldwyn,6.2,21,-14000000
1123,2006,Action,Phillip Noyce,6.4,25,4291965
14033,2001,Horror,Stephen Carpenter,4.4,49,0
87729,1995,Drama,James Ivory,5.2,10,-11526000
16899,2008,Comedy,Stephan Elliott,6.3,108,0
41317,1978,Action,James Fargo,5.8,1,0
245700,2014,History,Mike Leigh,6.3,204,5405500
37842,2009,Drama,Alain Resnais,5.8,22,0
9045,2002,Drama,Costa-Gavras,7.1,75,0
44092,2010,History,John Woo,6.7,57,-12000000
16005,2008,Comedy,Neil Burger,6.3,55,0
44754,2011,Drama,Kenneth Lonergan,6.1,86,-13953505
23988,2009,Comedy,Bo Zenga,4.0,97,-108
43949,2010,Romance,Rob Reiner,7.4,418,-12244788
142,2005,Drama,Ang Lee,7.5,1480,164043761
9603,1995,Comedy,Amy Heckerling,6.9,803,-12000000
10712,2002,Drama,Todd Haynes,6.9,144,15527914
243938,2015,Comedy,Steve Pink,5.0,354,-1685349
10876,2000,Drama,Philip Kaufman,6.8,128,-6439124
86838,2012,Comedy,Martin McDonagh,6.7,1206,4422261
25208,2001,Drama,Kasi Lemmons,6.0,27,0
613,2004,Drama,Oliver Hirschbiegel,7.7,1037,73841160
1913,2004,Drama,Alejandro Amenábar,7.2,219,25729221
97370,2014,Thriller,Jonathan Glazer,6.0,1102,-7919749
801,1987,Comedy,Barry Levinson,7.1,642,110922370
70829,2010,Action,Shim Hyung-Rae,4.7,7,3300000
54518,2011,Documentary,Jon M. Chu,4.8,154,85441954
44214,2010,Drama,Darren Aronofsky,7.3,4430,314803731
240,1974,Drama,Francis Ford Coppola,8.3,3338,34542841
9816,2001,Drama,Thomas Carter,6.3,352,78038276
10131,1988,Horror,Renny Harlin,5.8,281,65500000
339984,2016,Drama,Patricia Riggen,6.7,186,61000000
8859,2000,Comedy,Danny Leiner,5.2,509,60180723
11967,1988,Crime,Christopher Cain,6.6,258,31726644
239563,2014,Comedy,Theodore Melfi,7.1,763,41837234
222899,2014,Comedy,Steve Pink,6.0,210,36502684
4951,1999,Comedy,Gil Junger,7.3,1701,37478166
10985,2002,Comedy,Ed Decter,5.7,151,-13000000
9644,1993,Comedy,Gene Quintano,5.7,157,0
332567,2016,Horror,Jaume Collet-Serra,6.2,1567,102100758
1954,2004,Science Fiction,Eric Bress,7.3,2060,83060858
15489,2000,Comedy,Chris Koch,4.8,51,0
15250,2007,Comedy,Preston A. Whitmore II,7.1,29,-13000000
22345,1999,Science Fiction,Bob Clark,3.3,75,24450736
9448,1998,Action,Kirk Wong,6.1,109,14007143
38223,1996,Comedy,Bronwen Hughes,5.7,46,-12000000
11186,1990,Drama,John Lafia,5.8,308,22763605
136835,2014,Crime,Sam Miller,5.6,181,40630415
5876,2007,Science Fiction,Frank Darabont,6.7,1399,39096190
264660,2015,Drama,Alex Garland,7.6,4737,21869414
492,1999,Fantasy,Spike Jonze,7.3,1101,9863596
25462,2001,Comedy,Mark Brown,6.6,17,-6000000
238603,2014,Family,Dave Green,5.7,290,32300000
10691,2001,Drama,John Stockwell,6.6,96,3929123
1251,2006,Action,Clint Eastwood,7.2,541,49673228
5172,2006,Adventure,Michael Polish,6.2,123,-1869111
58680,1998,Comedy,Daisy von Scherler Mayer,5.5,10,-4973029
264644,2015,Drama,Lenny Abrahamson,8.1,2757,29401758
14577,1998,Comedy,Bob Saget,6.5,66,0
11592,1994,Comedy,John Waters,6.4,135,-5179312
16406,1999,Comedy,Andrew Fleming,5.7,67,14500000
19052,1999,Drama,Craig Bolotin,6.6,7,0
3682,1998,Music,Mark Christopher,5.5,135,3757163
9683,2001,Adventure,Blair Hayes,5.1,163,0
2084,2001,Comedy,Jez Butterworth,6.1,103,-13000000
107811,2013,Comedy,Jon Lucas,5.7,737,35065672
2266,2006,Drama,Isabel Coixet,6.8,207,-8142633
13074,2007,Drama,Rod Lurie,5.9,60,0
144340,2013,Comedy,Paul Weitz,5.4,304,5000000
48217,2000,Romance,Patrice Leconte,6.7,11,0
28211,2009,Drama,Atom Egoyan,5.9,498,-6540542
47502,1996,Comedy,Paul Mazursky,4.8,4,-3210100
9950,2006,Drama,Sidney Lumet,6.5,138,-10363363
84892,2012,Drama,Stephen Chbosky,7.7,2968,20400000
24227,1993,Action,Jon Hess,4.5,10,-1800000
9672,2006,Drama,Douglas McGrath,6.4,60,-11848670
44853,2000,Drama,Michael Winterbottom,5.6,17,0
157544,2015,Thriller,Mark Neveldine,4.6,243,-11215237
59678,2011,Action,Joe Cornish,6.3,733,-10385849
79777,2011,Drama,Angelina Jolie,5.8,45,-9696123
158011,2013,Crime,Brad Anderson,6.6,1257,55572378
407887,2016,History,John H. Lee,5.8,29,0
17043,2002,Family,John Stainton,5.3,34,33082548
8952,2009,Comedy,Glenn Ficarra,6.4,503,-2347965
62204,1981,Adventure,Jean-Jacques Annaud,7.1,109,43260558
13435,2002,Drama,Denzel Washington,6.7,137,10867586
17187,2002,Drama,Michael Hoffman,6.9,96,0
319,1993,Action,Tony Scott,7.5,749,-218449
59457,2010,Romance,Benedek Fliegauf,5.9,92,-3100000
9504,1992,Crime,James Foley,7.5,323,-1774772
37414,2010,Crime,Michael Winterbottom,6.0,173,-13000000
6217,1982,Drama,Paul Schrader,6.0,94,0
26688,2009,Horror,Stewart Hendler,5.4,177,14706120
43867,1937,Adventure,John Cromwell,8.4,11,0
6615,2007,Comedy,Craig Gillespie,7.1,509,-706337
14574,2008,War,Mark Herman,7.7,1451,7916563
16,2000,Drama,Lars von Trier,7.6,377,27231879
39780,1997,Drama,Gillian Armstrong,6.2,25,0
21612,1996,Crime,Abel Ferrara,7.3,31,-11272676
36691,2009,Comedy,Brian Koppelman,5.8,84,-9975218
23631,2010,Action,Robert Rodriguez,6.3,1150,11327899
45324,2010,Crime,George Hickenlooper,6.0,94,-11416317
12144,1988,Animation,Don Bluth,7.0,640,72160846
11658,2004,Action,Kang Je-gyu,7.4,133,15
56601,2010,Drama,William Dear,6.3,30,-8621007
9552,1973,Drama,William Friedkin,7.5,2005,433306145
578,1975,Horror,Steven Spielberg,7.5,2542,463654000
2105,1999,Comedy,Chris Weitz,6.4,2296,224483004
126319,2012,Animation,Stéphane Aubier,7.6,142,-4407494
10136,1986,Action,Michael Ritchie,5.6,304,54817939
67660,2012,Comedy,Tim Story,6.9,281,84070507
10611,2002,Comedy,Tim Story,6.2,137,63781642
154,1982,Action,Nicholas Meyer,7.3,675,84800000
3049,1994,Comedy,Tom Shadyac,6.4,1648,92217396
860,1983,Thriller,John Badham,7.0,504,67567667
9281,1985,Crime,Peter Weir,7.0,375,56706993
75674,2012,Action,Mike McCoy,6.3,417,69272766
9762,2006,Music,Anne Fletcher,6.7,1060,102194847
3179,1996,Animation,Mike Judge,6.5,168,-12000000
184,1997,Comedy,Quentin Tarantino,7.3,1514,27673162
13335,2008,Comedy,Jon Hurwitz,6.2,497,31493123
76726,2012,Science Fiction,Josh Trank,6.6,1935,130000000
10269,1983,Music,Barbra Streisand,6.2,51,18400000
36819,1981,Family,Terry Gilliam,6.6,249,37365581
17130,2002,Action,Tamra Davis,4.7,158,49141030
57214,2012,Comedy,Nima Nourizadeh,6.5,1564,88000000
11202,1970,Drama,Franklin J. Schaffner,7.3,323,77800000
9357,2002,Horror,Mark Romanek,6.6,435,40223306
13812,2008,Horror,John Erick Dowdle,5.5,339,28855419
9030,2008,Drama,David Moreau,5.5,281,44309766
19084,2004,Comedy,Christopher Erskin,4.7,30,19179516
8386,2001,Comedy,Jesse Dylan,6.3,218,19155435
10437,1992,Comedy,Brian Henson,7.2,212,27281507
1360,2002,Drama,Julie Taymor,7.3,383,44298474
101267,2012,Documentary,Dan Cutforth,6.5,85,20726956
222935,2014,Romance,Josh Boone,7.6,3759,295166834
10220,1998,Drama,John Dahl,6.9,439,10921898
284296,2014,Drama,Chris Rock,6.3,210,25434291
31915,1979,Horror,John Frankenheimer,5.4,25,42000000
11601,1999,Horror,David Koepp,6.5,330,9133087
205220,2013,Drama,Stephen Frears,7.4,579,88129872
11354,2005,Comedy,Mike Binder,6.4,72,0
16241,1978,Horror,Franklin J. Schaffner,6.6,101,0
14191,2006,Fantasy,Elizabeth Allen Rosenbaum,5.8,364,11006849
286565,2015,Drama,Jake Schreier,6.1,1937,73512300
26710,2004,Comedy,Cheryl Dunye,4.3,15,51
129670,2013,Drama,Alexander Payne,7.4,636,5654912
9059,1995,Horror,Ernest R. Dickerson,6.7,94,0
34549,2001,Comedy,Tim Hill,5.4,33,5292381
57157,2011,Comedy,Jason Reitman,5.6,364,10939027
1948,2006,Action,Brian Taylor,6.6,1151,30931041
28353,1997,Comedy,Lionel C. Martin,5.3,8,13960203
46889,1998,Comedy,Richard LaGravenese,5.3,11,902790
38093,2010,Comedy,Sanaa Hamri,6.1,99,21520719
14976,2008,Drama,Jonathan Demme,6.1,163,0
11027,1981,Romance,Bob Rafelson,6.4,110,-12000000
3635,2003,Drama,Peter Webber,6.4,377,31466789
387,1981,Action,Wolfgang Petersen,7.9,613,71000000
6020,2002,Comedy,Wallace Wolodarsky,4.6,47,-12000000
122906,2013,Comedy,Richard Curtis,7.8,2067,87100449
9550,2004,Adventure,Zhang Yimou,7.1,439,92863945
60599,2012,Drama,Nicholas Jarecki,6.1,294,23485056
227719,2015,Science Fiction,Dean Israelite,6.4,933,20248241
14299,2008,Drama,Darnell Martin,6.9,86,-12000000
19419,2000,Action,Scott Alexander,4.9,23,0
12088,1992,Action,Stuart Gordon,5.7,168,-1260859
14799,2006,Comedy,Christopher Guest,5.9,43,-6457975
9466,1998,Drama,Woody Allen,6.0,111,0
7510,2006,Drama,Ryan Murphy,5.8,78,-5245102
31246,2003,Comedy,Robert Iscove,3.0,23,-7077834
61752,1996,Comedy,Spike Lee,5.7,16,-7060061
10944,2003,Mystery,Jane Campion,4.6,89,-11999977
10362,2008,Drama,James Gray,6.6,154,-8851818
14778,2001,Comedy,Fred Schepisi,6.0,22,0
1255,2006,Horror,Bong Joon-ho,6.7,537,77489643
45226,1981,Adventure,Roger Spottiswoode,6.8,4,0
10212,1999,Comedy,Antonia Bird,6.9,141,-12000000
8669,2008,Comedy,Jon Poll,6.5,225,-12000000
179144,2013,Comedy,Paolo Sorrentino,7.3,720,-4028915
16857,2002,Comedy,Peter Care,6.4,53,0
86825,2013,Drama,Park Chan-wook,6.5,882,77441
844,2004,Fantasy,Wong Kar-wai,6.9,206,7271312
8060,2007,Crime,Ira Sachs,6.1,38,-12000000
15907,2005,Adventure,Carroll Ballard,6.9,41,-12000000
38448,2009,Drama,Neil Jordan,6.5,84,-10355245
327,2000,Crime,Takeshi Kitano,6.8,107,3250000
9260,2002,Comedy,Anthony Russo,6.2,50,-1200000
61337,1997,Comedy,Sidney Lumet,6.1,9,0
13079,2007,Thriller,Vadim Perelman,6.1,88,-8000000
89325,2012,Drama,Lawrence Kasdan,5.3,22,0
4170,2007,Drama,Marco Kreuzpaintner,6.8,67,-12000000
41508,2005,War,Lajos Koltai,6.5,28,0
12479,1999,Comedy,Alan Rudolph,5.2,28,-12000000
44555,2009,Comedy,Zhang Yimou,4.8,13,0
10133,2002,Thriller,Vincenzo Natali,6.7,192,-7500000
21345,2009,Drama,Lu Chuan,7.6,55,-1347502
173931,2011,Animation,Lijun Sun,3.0,3,-16430000
61984,2010,Science Fiction,Takashi Yamazaki,6.3,59,-787706
50601,2011,War,Renny Harlin,5.8,62,-19982521
26466,2009,Horror,Christopher Smith,6.9,612,-12000000
345003,2015,Drama,Timothy Hines,4.3,5,-1200000
236751,2014,Drama,Randall Wallace,6.0,229,89332962
107,2000,Thriller,Guy Ritchie,7.7,2912,73557872
357837,2015,Drama,David Winters,4.3,2,0
8913,1989,Drama,Mary Lambert,6.4,407,45969467
13889,1993,Drama,Akira Kurosawa,7.5,20,0
18530,2009,Drama,Jamie Thraves,5.5,29,-11500000
358451,2015,Drama,Mabel Cheung,6.3,5,0
927,1984,Fantasy,Joe Dante,6.9,1596,142083102
11,1977,Adventure,George Lucas,8.1,6624,764398007
291870,2016,Comedy,Dan Mazer,5.7,1406,82573028
907,1965,Drama,David Lean,7.4,247,100858363
206563,2014,Adventure,Stephen Daldry,7.1,242,0
11887,2008,Comedy,Kenny Ortega,6.2,821,0
45317,2010,Drama,David O. Russell,7.2,1486,68617009
12094,2006,Action,Jeff Tremaine,6.4,298,61778712
10377,1992,Comedy,Jonathan Lynn,7.3,384,53088552
249164,2014,Drama,R.J. Cutler,7.3,1368,67874843
256092,2014,Action,Brian Trenchard-Smith,3.9,74,-12000000
9942,1989,Comedy,David S. Ward,6.6,217,38797148
10748,2007,Comedy,Barnaby Thompson,5.6,142,0
1817,2002,Thriller,Joel Schumacher,6.7,1062,84837138
10229,2002,Drama,Adam Shankman,7.5,1018,30227069
687,1995,Drama,Tim Robbins,7.3,337,28363635
796,1999,Drama,Roger Kumble,6.6,827,65402208
22804,2009,Horror,Kevin Greutert,6.0,722,57233629
10156,1981,Comedy,Mel Brooks,6.5,204,20672907
12837,2008,Adventure,Gina Prince-Bythewood,7.4,158,27105395
17708,2001,Action,Rob Pritts,4.1,54,12978402
13937,1992,Drama,Brian De Palma,5.9,65,25170057
28932,1978,Drama,Norman Jewison,6.4,29,0
31909,1986,Science Fiction,Tobe Hooper,5.5,57,-7115337
167073,2015,Drama,John Crowley,7.2,1213,51076141
3175,1975,Drama,Stanley Kubrick,7.7,505,9000000
14369,2001,Comedy,Brendan Malloy,5.8,53,-9217324
16888,2000,Comedy,Reginald Hudlin,5.7,34,-10300000
121826,2012,Drama,Dustin Hoffman,6.3,139,48520298
10646,2001,Comedy,Gregory Poirier,4.9,74,12430766
12149,2001,Drama,Bill Paxton,7.0,334,2110448
304357,2015,Drama,Simon Curtis,7.3,440,50619773
11184,2004,Drama,Bill Condon,6.6,131,0
766,1992,Fantasy,Sam Raimi,7.3,838,-11000000
20009,2002,Comedy,Dewey Nicks,5.4,60,-7586085
1587,1993,Romance,Lasse Hallström,7.5,919,19000000
30973,2003,Drama,Philip Saville,8.2,12,-5930910
11109,2004,Crime,Mike Leigh,6.8,80,-11000000
9027,2002,Comedy,Daisy von Scherler Mayer,5.1,75,0
63020,1995,Comedy,Mira Nair,6.6,9,-8167174
86829,2013,Drama,Joel Coen,7.2,834,21935319
11065,2001,Drama,Tim Blake Nelson,5.8,75,16017403
13888,1991,Drama,William A. Graham,5.1,153,-8192146
42345,1970,Drama,Martin Ritt,5.9,16,-8800000
13994,2005,Comedy,John Turturro,6.0,33,2945242
1590,2006,Drama,Agnieszka Holland,6.2,42,-11000000
62728,2010,Drama,Rowan Joffe,5.6,35,0
11917,2008,Horror,David Hackl,5.9,820,103057533
45138,1969,Drama,Giuliano Montaldo,7.3,6,0
80271,2012,Drama,Lisa Azuelos,5.9,881,-11000000
4657,2006,Crime,Ray Lawrence,5.7,25,0
14395,2006,Drama,Karan Johar,6.1,42,9600000
24137,1999,Drama,Oliver Parker,6.3,46,4535191
190847,2013,Science Fiction,Ruairi Robinson,5.2,302,0
11056,2002,Horror,Jaume Balagueró,5.6,112,0
62,1968,Science Fiction,Stanley Kubrick,7.9,2998,58200000
601,1982,Science Fiction,Steven Spielberg,7.3,3269,782410554
13067,2007,Romance,Jon Kasdan,5.8,160,7500000
25379,2004,Adventure,Léa Pool,6.8,6,0
88641,1994,Drama,Floyd Mutrux,8.5,2,-10376491
58051,2010,Drama,Sajid Khan,5.2,29,0
14877,2007,Drama,Christopher Cain,5.0,16,-11000000
96399,2012,History,Dean Wright,6.4,35,-2377154
304410,2014,Comedy,Eric Lartigau,7.0,766,-11000000
489,1997,Drama,Gus Van Sant,7.9,2811,215933435
373314,2016,Drama,Shintaro Shimosawa,5.3,149,-11000000
214,2006,Horror,Darren Lynn Bousman,6.1,1071,153876815
10890,1981,Action,Ivan Reitman,6.5,249,75300000
1588,2000,Comedy,Peyton Reed,5.8,568,62449929
316727,2016,Action,James DeMonaco,6.1,1306,108587880
10314,1999,Comedy,Robert Iscove,5.7,418,93166989
663,2007,Horror,Darren Lynn Bousman,5.9,903,129352633
11804,2005,Drama,Geoffrey Sax,5.6,261,81196419
16781,2006,Drama,Tyler Perry,6.0,77,51231524
11873,1986,Drama,Martin Scorsese,6.7,291,38493982
9289,1962,Action,Bernhard Wicki,7.2,234,40100000
10414,1992,Comedy,Stephen Herek,6.4,198,40752337
1970,2004,Horror,Takashi Shimizu,5.8,865,173474602
9614,1996,Comedy,Dennis Dugan,6.5,755,29205099
8922,2001,Horror,Victor Salva,6.1,720,49217789
1648,1989,Adventure,Stephen Herek,6.7,454,30485039
17917,1968,Drama,Carol Reed,7.0,103,27402877
74534,2011,Drama,John Madden,6.9,459,126836156
19405,2001,Science Fiction,Chuck Sheetz,6.6,67,34460850
9355,1985,Action,George Miller,5.9,748,23924696
10999,1985,Action,Mark L. Lester,6.4,742,47500000
321258,2016,Horror,William Brent Bell,5.8,1102,54188367
44040,2010,Horror,John Erick Dowdle,5.8,816,23583175
10426,2002,Comedy,Marcus Raboy,6.0,100,13526835
280092,2015,Drama,Leigh Whannell,6.2,983,94303851
13938,1985,Action,Michael Schultz,6.4,69,15754284
10163,1992,Horror,Brett Leonard,5.4,197,22101000
12182,2008,Comedy,Peter Sollett,6.4,379,23973937
1832,1999,Fantasy,Kevin Smith,6.8,823,20652890
9034,2002,Comedy,Bob Dolman,5.5,62,-10000000
15301,1983,Drama,Steven Spielberg,6.2,161,19450919
10135,1989,Action,Rowdy Herrington,6.3,252,15050028
26352,1994,Action,Keenen Ivory Wayans,6.0,31,19392418
20616,2002,Drama,John Polson,5.0,70,25911240
9794,2006,Comedy,Greg Coolidge,5.3,153,26368909
15037,1998,Comedy,Deborah Kaplan,6.1,122,15605015
227,1983,Crime,Francis Ford Coppola,6.9,291,23697647
294272,2016,Adventure,David Lowery,6.2,679,78695338
11336,1983,Horror,David Cronenberg,6.9,311,10766616
283445,2015,Horror,Ciaran Foy,5.4,581,42882018
88036,2012,Drama,Salim Akil,5.8,36,10637469
10984,2001,Horror,Jamie Blanks,5.0,114,0
22824,2009,Mystery,Olatunde Osunsanmi,5.8,441,32333295
9526,2006,Drama,Robert Altman,6.4,81,-10000000
39349,1994,Drama,Leon Ichaso,5.2,13,0
15983,1985,Action,Joseph Zito,5.3,49,0
14544,2005,Comedy,Malcolm D. Lee,6.1,27,0
11545,1998,Comedy,Wes Anderson,7.5,676,8096053
42684,2010,Science Fiction,Colin Strause,4.7,507,56821036
268238,2015,Drama,John Madden,6.3,272,75978266
8359,2008,Comedy,Patricia Rozema,6.4,34,0
15648,2005,Comedy,Mark Rosman,5.5,203,0
41823,1990,Drama,Spike Lee,6.3,47,6153593
11891,2002,Action,Steve Oedekerk,6.1,159,0
9362,1990,Action,Ron Underwood,6.6,864,37572000
9902,2003,Horror,Rob Schmidt,6.0,635,16050575
14729,1980,Western,Walter Hill,6.6,50,5795189
9455,1999,Action,James Foley,6.0,57,-9843800
103731,2013,Drama,Jeff Nichols,7.0,1068,11587700
10090,2007,Action,Ben Garant,5.6,72,10342161
164558,2013,Documentary,Morgan Spurlock,8.0,201,-10000000
19905,2009,Comedy,Neal Brennan,5.4,58,-10000000
17710,2002,Animation,Tuck Tucker,5.6,62,0
75900,2011,Drama,Simon Curtis,6.6,406,28657696
9515,2005,Action,Richard Shepard,6.2,136,7297244
27322,1997,Comedy,Theodore Witcher,8.1,12,-10000000
328425,2015,Thriller,Joel Edgerton,6.7,1049,53978653
14120,2005,Adventure,Jim Hanon,6.1,15,0
10050,2001,Comedy,Tommy O'Haver,5.5,75,-10000000
1542,1999,Comedy,Mike Judge,7.4,1050,2827813
10490,1999,Comedy,Michael Patrick Jann,6.4,86,571408
87093,2014,Drama,Tim Burton,6.8,1196,18883511
10029,1998,Comedy,Peter Berg,6.2,179,-20101588
9893,2004,Comedy,Joe Nussbaum,5.3,101,0
11507,1984,Crime,Brian De Palma,6.4,137,-1198060
37931,2010,Action,Jorma Taccone,5.1,179,-3890000
3472,2002,Crime,Stephen Frears,6.8,131,0
87818,2013,Comedy,Griffin Dunne,4.4,797,26438988
13160,2008,Comedy,Jeff Lowell,5.3,145,-10000000
88005,2012,Comedy,Lorene Scafaria,6.3,700,-363711
52067,2011,Comedy,Miguel Arteta,5.9,135,6861102
73,1998,Drama,Tony Kaye,8.2,3016,3875127
134597,2012,Horror,Marcus Dunstan,5.9,289,6842058
24034,2004,Animation,Timothy Bjorklund,5.5,2,-10000000
14283,1998,Drama,François Girard,7.3,99,-8504592
404,1999,Drama,David Lynch,7.7,306,-10000000
13201,2002,Action,Scott Kalvert,5.5,34,0
209403,2013,Comedy,Jason Bateman,6.4,334,-1700000
7942,2007,Comedy,David Schwimmer,6.2,238,23000000
73247,1981,Comedy,Allan Arkush,3.8,6,-7845304
253331,2014,Drama,Mike Binder,6.5,115,12571189
34043,2001,Comedy,Eric Bross,4.1,10,0
9952,2006,Adventure,Werner Herzog,6.9,336,-2822857
256924,2015,Comedy,Dan Fogelman,6.6,183,835752
82532,2011,Drama,Jay Duplass,6.1,217,-5582420
41110,2009,Drama,Luca Guadagnino,6.9,73,0
134371,2012,Drama,John Putch,5.4,41,0
2088,1993,Action,Peter Medak,5.7,36,-8224415
10388,1999,Action,Steven Soderbergh,6.6,105,-6806898
1640,2004,Drama,Paul Haggis,7.2,1149,91910061
25520,2000,Drama,Terence Davies,6.4,25,-4835596
27342,1987,Action,Harley Cokeliss,6.8,15,0
13689,2006,Drama,Victor Salva,7.3,90,0
67911,2011,Comedy,Tom Brady,4.4,51,-10000000
24664,2000,Comedy,Spike Lee,6.3,24,0
329440,2016,Horror,Jason Zada,4.8,448,30055439
47890,1981,Adventure,Franklin J. Schaffner,6.0,2,-13560436
252512,2015,Comedy,Noah Baumbach,5.8,383,-2412515
55720,2011,Drama,Chris Weitz,7.0,54,-8240748
9613,2002,Drama,David Cronenberg,6.4,168,0
29076,2000,Action,Eric Blakeney,5.4,24,-8368161
29339,2002,Adventure,Douglas McGrath,6.8,49,0
68812,2012,Thriller,Ariel Vromen,6.4,365,-18030807
32740,2006,Action,Rakesh Roshan,5.5,46,0
14195,2000,Thriller,John Waters,6.2,51,-10000000
73567,2011,Crime,William Friedkin,6.5,425,-6334931
41479,2009,Comedy,Derrick Borte,6.1,210,-2977272
15394,2003,Crime,Richard Kwietniowski,6.8,37,0
10071,2007,Comedy,Bob Odenkirk,4.9,46,0
1989,2007,Drama,Wong Kar-wai,6.0,190,11786738
91076,1998,Drama,John Turturro,6.3,7,0
12779,2002,Comedy,Guy Ritchie,4.8,50,-9401355
13191,2008,Action,Joshua Seftel,5.6,86,-3703816
11770,2001,Action,Stephen Chow,6.6,491,42776760
12703,2004,Drama,Vincent Gallo,5.5,62,-10000000
64559,1997,Comedy,Claude Chabrol,6.4,5,0
222649,2014,Drama,Jon Stewart,6.5,98,0
115872,1997,Drama,Bigas Luna,5.3,3,0
101173,2011,Drama,Ralph Fiennes,5.9,131,-6627398
25350,2004,Comedy,Dan Harris,6.3,29,-10000000
10034,2001,Action,Mel Smith,6.4,12,0
20178,2009,Comedy,Bobcat Goldthwait,6.5,177,-9704250
5072,2006,Horror,Christopher Smith,6.4,169,0
18191,2005,Drama,Stuart Gordon,6.0,50,-10000000
31007,2010,Drama,Jake Scott,6.4,139,42145
11546,1994,Comedy,Alan Metter,4.1,178,126247
41894,2010,Drama,Jeb Stuart,6.0,5,0
184374,2013,War,Rafa Lara,5.8,14,-10000000
268171,2014,Comedy,Michael Radford,6.2,31,-10000000
78149,1998,Comedy,Alan Smithee,3.0,9,-9954221
24663,2009,Comedy,Michael Meredith,4.8,19,0
39037,2009,Comedy,Julio DePietro,5.4,59,-3200000
22805,2009,Comedy,Katherine Dieckmann,4.7,44,0
39055,2008,Drama,William Dear,5.8,4,140987
245846,2015,Drama,Kim Farrant,5.1,83,-9982528
25186,2009,Comedy,Marcus Raboy,7.0,5,-9990931
15017,2007,Comedy,Scott Marshall Smith,3.9,29,-10000000
12245,2008,Crime,Álex de la Iglesia,5.7,188,-14100000
49787,2010,Drama,Andrew Traucki,5.4,130,0
16358,2004,Comedy,Michael Clancy,6.4,34,0
7006,2007,Thriller,Patrick Lussier,5.6,80,0
66767,2011,Music,Robert Adetuyi,4.3,16,-10000000
17622,2008,Action,Kari Skogland,6.1,35,0
283671,2014,Family,Taedong Park,6.5,1,0
18516,2008,Drama,Paul Schrader,6.4,22,-10000000
217708,2013,Drama,Benedikt Erlingsson,6.9,26,1
42057,2010,Comedy,Gurinder Chadha,4.3,9,0
17577,2009,Action,Jason Connery,4.0,53,-10000000
14608,2007,Drama,Vic Sarin,6.4,6,0
34417,2010,Comedy,Jim Issa,5.0,6,0
15067,2008,Action,Kim Jee-woon,7.1,193,-10000000
78383,2013,Horror,Douglas Aarniokoski,4.9,119,9999990
43090,2010,Drama,William Phillips,6.7,27,-10000000
16614,2009,Comedy,Greg Mottola,6.4,737,7664377
9700,2005,Drama,Andy García,6.0,24,-5213764
10471,2000,Comedy,Steve Carr,6.4,135,48827328
250066,2014,Action,Sarik Andreasyan,4.3,158,-10000000
667,1967,Action,Lewis Gilbert,6.5,531,102084787
208869,2014,Drama,Julian Gilbey,6.1,86,-10
86837,2012,Drama,Michael Haneke,7.5,400,10939492
10306,1988,Horror,Gary Sherman,4.5,123,3644000
106845,2015,Horror,Valeri Milev,4.9,34,-9500000
11576,1963,Action,Stanley Kramer,7.0,140,50600000
219,2006,Comedy,Pedro Almodóvar,7.3,406,72682540
11827,1981,Animation,Gerald Potterton,6.2,148,-9300000
22820,2009,Action,Jared Hess,6.2,51,-10000000
31174,1995,Drama,Richard Loncraine,6.9,49,0
244316,2015,Action,David Hackl,5.1,74,-10000000
37737,2010,Drama,Anurag Basu,6.0,40,0
62215,2011,Drama,Lars von Trier,7.0,885,14417298
66125,2011,Drama,Kriv Stenders,7.1,83,0
132316,2012,Drama,Yash Chopra,7.3,66,0
348,1979,Horror,Ridley Scott,7.9,4470,93931801
30497,1974,Horror,Tobe Hooper,7.2,590,30774000
27586,2010,Drama,Floria Sigismondi,6.3,254,-7004189
14811,1971,Drama,Norman Jewison,7.4,134,74304330
660,1965,Adventure,Terence Young,6.5,562,135695658
68684,2011,Horror,Joseph Kahn,5.7,129,-10000000
40794,2010,Comedy,Ferzan Ozpetek,7.0,118,1220215
9400,1996,Drama,F. Gary Gray,6.9,66,32590886
16162,1999,Drama,Malcolm D. Lee,6.8,38,25573780
10585,1988,Horror,Tom Holland,6.3,581,35196684
2359,2007,Documentary,Michael Moore,7.3,235,15538513
238636,2014,Horror,James DeMonaco,6.6,1954,99782847
10472,2000,Comedy,Kris Isacsson,4.9,70,-9000000
11282,2004,Comedy,Danny Leiner,6.6,693,14936908
6521,2000,Drama,Rod Lurie,6.7,60,-9000000
14181,2000,Crime,Ben Younger,6.5,201,2780255
1621,1983,Comedy,John Landis,7.1,738,49800000
9656,2006,Horror,Glen Morgan,4.8,119,12510851
16428,2004,Comedy,Daniel Taplitz,5.8,21,0
10705,1989,War,Kenneth Branagh,7.4,71,-9000000
8272,2007,Drama,Tamara Jenkins,6.8,110,0
24621,2003,Comedy,Linda Mendoza,6.3,16,6126237
1619,2000,Action,Christopher McQuarrie,6.4,100,10625401
9685,2002,Comedy,Burr Steers,6.5,95,-4222535
14425,1994,Comedy,Hart Bochner,6.0,41,-4649226
14624,2006,Romance,Michael O. Sajbel,6.8,78,0
10179,1984,Action,Stewart Raffill,5.7,49,-9000000
15568,2007,Drama,Davis Guggenheim,6.0,17,-6044961
14057,2005,Comedy,Bart Freundlich,5.5,29,-9000000
12621,2008,Comedy,Andrew Fleming,6.1,56,0
1808,1998,Drama,Todd Haynes,6.9,116,1053788
293670,2016,Horror,Na Hong-jin,7.2,250,0
67675,2011,Documentary,Kevin Tancharoen,6.8,79,9663238
27329,2001,Drama,Chatrichalerm Yukol,5.1,6,0
29514,1990,Horror,George A. Romero,6.0,35,-9000000
250349,2014,Comedy,Eric Lavaine,5.8,214,8348529
12454,2002,Comedy,Mike Leigh,7.0,33,-9000000
39806,2010,Drama,Marc Forby,4.8,14,-8228501
15699,2006,Drama,Peter Cattaneo,6.1,7,-4859334
8883,2008,Crime,Ole Christian Madsen,6.8,68,-6500000
17926,2005,Comedy,Meiert Avis,4.5,12,-7953834
291081,2009,Thriller,Julian Jarrold,7.0,54,0
41248,2009,Drama,André Téchiné,5.6,10,0
25968,2009,Drama,Emily Young,5.8,75,-9000000
9671,1986,Adventure,Peter Faiman,6.3,503,323203506
52010,2010,Animation,Martyn Pick,5.2,27,0
11588,2004,Thriller,Roland Suso Richter,5.9,62,-8800000
43418,2010,Drama,Jeremy Sims,7.3,40,-7347125
71157,2011,Drama,Maïwenn,7.9,285,20374201
13483,2007,Thriller,Joby Harold,6.3,395,-71626175
333355,2005,Action,Genndy Tartakovsky,8.0,27,0
327833,2014,Thriller,Ekachai Uekrongtham,5.6,61,-9000000
1547,1987,Horror,Joel Schumacher,6.8,538,23722567
25196,2009,Drama,Scott Cooper,6.8,274,32462438
16323,1979,Drama,Mark Rydell,6.8,28,19924648
175528,2013,Comedy,David E. Talbert,5.6,85,13956509
8069,1968,Science Fiction,Roger Vadim,5.7,146,-6500000
71805,1990,Adventure,Nils Gaup,6.1,14,0
9451,1999,Comedy,Alexander Payne,6.7,270,0
16727,2006,Drama,Mira Nair,6.8,50,8138836
272693,2015,Romance,Ari Sandel,6.8,1322,35028634
10696,2001,Drama,Vondie Curtis-Hall,3.4,38,-16728334
150202,2013,Horror,Tom Elkins,5.6,175,0
19644,2003,Action,Kang Woo-Suk,6.6,28,-8000000
29963,2009,Drama,Jane Campion,6.8,107,-4059945
26022,2010,Drama,Karan Johar,7.7,232,30345360
152747,2013,Action,J.C. Chandor,6.6,671,-2891280
62676,1999,Adventure,John Sayles,7.0,17,-6002193
20360,2007,Drama,Vipul Amrutlal Shah,6.6,29,0
1116,2006,Drama,Ken Loach,7.1,154,16389018
185008,2013,Romance,Ayan Mukherjee,7.2,79,38300000
11620,1951,Drama,Mervyn LeRoy,7.0,63,21750000
14353,2008,Horror,Darren Lynn Bousman,6.7,100,188126
11818,2006,Adventure,Serdar Akar,4.3,7,-10000000
680,1994,Thriller,Quentin Tarantino,8.3,8428,205928762
11176,1979,Adventure,James Frawley,7.0,164,76657000
242582,2014,Crime,Dan Gilroy,7.6,3395,30197217
11217,2004,Comedy,Jay Chandrasekhar,5.1,107,-3498345
15121,1965,Drama,Robert Wise,7.4,941,278014286
2619,1984,Comedy,Ron Howard,6.1,321,61821334
773,2006,Comedy,Jonathan Dayton,7.5,1686,92523181
235,1986,Crime,Rob Reiner,7.8,1522,44287414
170,2002,Horror,Danny Boyle,7.1,1777,77719885
14114,2004,Drama,Chris Stokes,4.8,75,0
10734,1979,Crime,Don Siegel,7.2,561,35000000
37964,2002,Comedy,Rick Famuyiwa,7.0,31,19362712
28121,1996,Comedy,Martin Lawrence,5.7,15,0
40807,2011,Comedy,Jonathan Levine,7.0,1261,31187783
10885,2008,Horror,Masayuki Ochiai,5.3,180,0
225565,2014,Comedy,Tom Gormican,6.1,1004,18049082
16471,1981,Comedy,Ken Shapiro,5.6,23,0
385736,2016,Adventure,Justin Tipping,7.5,18,0
11971,1993,Drama,Kenneth Branagh,7.2,189,-8000000
668,1969,Adventure,Peter R. Hunt,6.5,456,75474493
11596,1994,Horror,Wes Craven,6.4,291,4090181
14429,1999,Drama,John Schultz,5.8,62,14593409
13751,2006,Drama,Doug Atchison,6.7,81,10948425
9490,1998,Comedy,Tamra Davis,6.4,177,9460020
14536,2009,Comedy,Jonas Elmer,5.2,99,21010817
1359,2000,Thriller,Mary Harron,7.3,2066,27266564
9962,2002,Drama,Miguel Arteta,6.1,181,8856124
15049,2006,Action,Erik Canuel,6.5,42,4671300
22821,2009,Action,Troy Duffy,5.9,261,2629321
42819,2009,Drama,James Ivory,5.7,9,0
209263,2013,Comedy,Nicole Holofcener,6.6,348,25288872
37735,2010,Comedy,Will Gluck,6.7,2210,66952305
59930,1994,Comedy,Matty Rich,3.9,5,8880705
10873,2000,Drama,E. Elias Merhige,6.6,148,279017
51588,2011,Comedy,Joe Nussbaum,5.7,134,2130000
23570,1996,Comedy,Matt Reeves,4.6,30,-8000000
19489,1999,Comedy,Steve Rash,4.9,11,0
14629,2000,Comedy,Fina Torres,5.5,46,-8000000
8293,1992,Drama,James Ivory,6.9,95,25966555
291270,2015,Animation,Charlie Kaufman,7.0,459,-2340714
44009,2010,Comedy,Mike Leigh,7.0,97,10124262
1958,2002,Comedy,François Ozon,6.9,196,-8000000
13154,1991,Action,Mark L. Lester,5.7,95,-5724443
26618,1998,Comedy,David Dobkin,6.3,39,0
43923,2010,Comedy,Ryan Fleck,6.9,672,-1508760
46138,2010,Comedy,Nigel Cole,6.6,94,-7200000
45791,2007,Drama,Anand Tucker,6.9,13,92
26306,1997,Drama,Steve James,6.7,21,-7410696
110683,1983,Drama,Michael Winner,4.3,4,0
26963,2009,Animation,Tomm Moore,7.3,181,0
198277,2013,Comedy,John Carney,7.3,1254,55464861
7870,2005,Drama,David Jacobson,5.9,63,-7147128
13072,2007,Drama,Michael Corrente,5.8,18,-7541768
153397,2012,TV Movie,Edward Hall,4.9,8,0
30141,2003,Comedy,Keith Gordon,5.9,41,0
17044,1998,Drama,David Leland,7.0,3,0
10288,2006,Romance,Andrew Currie,6.6,135,-7573776
12183,2005,Comedy,Luke Wilson,5.2,16,0
44147,2010,Action,Jonathan Lynn,6.4,215,-4546957
12192,2008,Crime,Marc Schölermann,5.6,144,-8000000
36597,2009,Drama,Coky Giedroyc,6.9,37,0
13197,2006,Action,Robert Moresco,6.3,24,-7856549
10913,2005,Comedy,Thomas Vinterberg,5.6,33,0
251321,2014,Drama,Claudia Llosa,5.1,41,-7946914
149,1988,Science Fiction,Katsuhiro Ōtomo,7.8,773,-7446829
10425,2007,Drama,John Herzfeld,5.8,103,-21586546
49081,2005,Drama,Charles Binamé,6.1,17,-5980991
256687,2014,Action,Keith Parmer,4.6,21,0
220488,2013,Comedy,Dennie Gordon,4.3,8,0
1544,2005,Drama,Ol Parker,7.0,177,2455831
374461,2016,Drama,Bruce Beresford,7.0,129,-8000000
302,2003,Thriller,François Ozon,6.4,153,14641323
182873,2013,Action,James Nunn,5.4,33,0
21512,1989,Action,David Webb Peoples,5.9,31,882290
389425,2016,Action,Michael Winnick,4.1,16,-8000000
403,1989,Comedy,Bruce Beresford,7.0,350,138293296
29461,1997,Comedy,"George Tillman, Jr.",6.6,19,0
33542,1995,Crime,Stanley Tong,6.5,240,24892047
283708,2014,Drama,David Oelhoffen,6.6,43,-7700000
9388,2005,Comedy,Jason Reitman,7.1,664,18293509
1691,2007,Horror,Eli Roth,5.6,453,25419521
24684,2009,Drama,Lone Scherfig,6.8,409,18596852
2610,2005,Comedy,Anand Tucker,5.7,75,1303682
11308,1984,Comedy,Tony Richardson,5.8,26,-7500000
11022,2002,Action,Joe Carnahan,6.8,142,6133747
34341,2002,Comedy,Paul Gross,4.5,7,-3254130
15365,2008,Action,Charles Robert Carner,4.0,26,0
36046,2004,Drama,Russell Holt,6.1,7,-4152353
12569,2009,Comedy,Mike Judge,5.7,192,2848783
24356,2003,Drama,Larry Charles,5.2,13,0
55903,2001,Drama,Claude Miller,7.0,3,0
2577,2003,Drama,Michael Winterbottom,6.2,116,-7500000
103903,2012,Comedy,Sacha Bennett,5.8,2,-7500000
73873,2011,Drama,Rodrigo García,6.2,132,-2365172
312113,2012,Drama,Jeta Amata,6.4,4,-12500000
14165,2007,Family,Siddharth Anand,6.0,13,0
2011,2007,Animation,Vincent Paronnaud,7.7,450,-7300000
45650,2009,Thriller,Joe Dante,5.6,244,0
7735,2008,Drama,Dennis Gansel,7.5,841,11500000
301365,2016,Thriller,Nicolas Winding Refn,6.4,887,-5666876
25941,2009,Thriller,Daniel Barber,6.7,348,3029747
29064,1999,Horror,Robert Marcarelli,4.4,17,2400000
7326,2007,Comedy,Jason Reitman,7.0,2244,223911584
326284,2015,Action,Ernie Barbarash,5.5,63,-7500000
681,1971,Adventure,Guy Hamilton,6.3,553,108819547
238,1972,Drama,Francis Ford Coppola,8.4,5893,239066411
535,1983,Drama,Adrian Lyne,6.1,302,88921203
19913,2009,Comedy,Marc Webb,7.2,2904,53222734
713,1993,Drama,Jane Campion,7.1,281,109700000
77930,2012,Drama,Steven Soderbergh,6.1,1040,160221571
10727,2003,Thriller,Jonathan Liebesman,4.9,161,0
253,1973,Adventure,Guy Hamilton,6.4,533,154777836
17908,2000,Comedy,Jay Russell,6.5,69,-7000000
8390,2008,Comedy,Adam Brooks,6.7,620,55447968
57119,2011,Comedy,Salim Akil,6.0,56,31110610
3291,2005,Drama,George Clooney,6.8,273,47600000
398,2005,Crime,Bennett Miller,6.8,384,42084830
8068,1995,Thriller,Robert Rodriguez,6.8,881,18405445
10803,1976,Adventure,Michael Anderson,6.6,269,16000000
682,1974,Adventure,Guy Hamilton,6.3,524,90572000
10117,1988,Action,Craig R. Baxley,4.9,50,13256975
9392,2005,Adventure,Neil Marshall,6.8,1005,0
24977,2000,Documentary,James D. Stern,7.5,10,21268532
79316,2014,Horror,Matt Bettinelli-Olpin,4.4,216,29433975
2074,1996,Comedy,David O. Russell,6.3,66,7702438
1696,2005,Drama,Rob Zombie,6.6,322,0
308639,2015,Crime,Rick Famuyiwa,7.2,691,17286781
22314,1999,Drama,Michael Rymer,6.2,17,7011454
2662,2003,Horror,Rob Zombie,6.0,306,9829545
77156,1978,Horror,Sharron Miller,4.0,3,0
12573,2009,Comedy,Joel Coen,6.6,483,24430334
44718,2010,Comedy,Aaron Schneider,6.5,100,-7500000
11342,1989,Adventure,Steve Miner,5.8,95,-7000000
241771,2014,Romance,Gina Prince-Bythewood,7.0,139,7618727
34653,2009,Drama,Tom Ford,7.3,463,-7000000
11051,1988,Drama,Martin Scorsese,7.0,201,1373585
14578,1999,Romance,Michael Corrente,5.6,30,292175
57825,2004,Drama,Gurinder Chadha,6.5,110,-7000000
9555,2002,Adventure,Phillip Noyce,6.8,84,0
15581,2007,Comedy,Don Michael Paul,3.8,18,0
13006,1992,Thriller,Tony Maylam,5.7,63,-2
16651,2001,Action,Mitch Davis,6.7,14,-2279629
4251,2004,Drama,Yash Chopra,7.4,64,22385320
12400,2008,Drama,David Mamet,6.4,76,-7000000
39053,2010,Comedy,Jay Duplass,6.1,133,-7000000
104896,1999,Drama,Kevin Brodie,6.4,6,0
14112,2002,Drama,Paul Schrader,6.1,56,-4937934
12271,2006,Drama,George Hickenlooper,6.2,81,-7000000
71859,2011,Drama,Lynne Ramsay,7.4,677,-961058
226354,2013,Drama,John Stephenson,5.8,8,0
48620,2009,Action,Tim Chambers,5.0,15,-7000000
33676,1983,Comedy,Curtis Hanson,4.5,31,-5753859
37080,2009,Drama,Rodrigo García,6.7,46,-7000000
25388,1977,Action,Dick Richards,6.2,16,0
11687,1993,Fantasy,Jean-Marie Poiré,7.1,420,0
39210,2010,Comedy,Sofia Coppola,6.0,208,-8000000
30128,2009,Comedy,Bob Gosse,5.7,20,-5570701
31535,1998,Comedy,Alex Zamm,2.7,13,0
44835,2010,Drama,Spencer Susser,6.7,212,-6617054
192134,2013,Comedy,Richard Shepard,5.8,212,523511
1956,2002,Mystery,Gus Van Sant,6.2,68,-3500000
24985,2002,Drama,Thaddeus O'Sullivan,7.7,5,-7000000
306745,2015,Romance,Peter Sollett,7.1,164,-6426665
47088,2010,Comedy,Shari Springer Berman,5.9,29,-6546921
110402,2013,Drama,Aleksey German,6.7,41,-5689327
27004,2010,Crime,Stephen Milburn Anderson,6.0,73,-6953512
15013,2005,Drama,Richard E. Grant,6.3,8,0
8374,1999,Action,Troy Duffy,7.2,837,-5969529
277519,2014,Crime,David Lam,5.8,5,0
78381,2011,Horror,Francis Ford Coppola,5.0,85,-7000000
164372,2012,Animation,Vladlen Barbe,5.1,47,5400000
294512,2014,Family,Richard Rich,6.5,4,0
8879,1985,Romance,Clint Eastwood,7.0,251,41410568
13001,2008,Adventure,Robert C. Cooper,6.9,140,1900000
9571,1993,Comedy,Richard Linklater,7.4,583,1093039
13649,2007,Comedy,Kenny Ortega,6.1,843,7000000
325373,2016,Drama,Kim Nguyen,6.8,27,0
334527,2015,Thriller,Jackie Earle Haley,5.8,110,-7000000
2211,1999,Drama,Max Färberböck,6.3,20,0
13919,2005,Comedy,Arie Posin,6.7,62,0
14576,2003,Action,Damian Nieman,6.1,73,-6800000
82505,2012,Horror,Mark Tonderai,5.6,555,37387131
46738,2010,Drama,Denis Villeneuve,7.9,479,303838
38970,2003,Drama,Gabriele Muccino,5.8,44,0
41009,2009,Action,Ian Fitzgibbon,5.1,24,0
7347,2007,Drama,José Padilha,7.8,504,-4000000
250546,2014,Horror,John R. Leonetti,5.6,1517,248773813
38415,2009,Comedy,Rachel Perkins,5.2,6,0
650,1991,Crime,John Singleton,7.4,364,51004069
16620,1987,Drama,Luis Valdez,6.8,116,47715416
25113,1981,Comedy,Alan Alda,6.3,16,0
11033,1980,Horror,Brian De Palma,6.8,157,25399000
34723,1993,Action,Stephen Sommers,6.2,42,-6500000
9430,1999,Crime,Doug Liman,7.0,196,21951622
8998,2006,Comedy,Nicole Holofcener,5.1,128,6868437
10514,1971,Science Fiction,Robert Wise,7.0,190,5876563
10496,1999,Horror,Louis Morneau,4.1,35,10
1591,2001,Drama,Caroline Link,7.0,32,0
76025,2011,Drama,Steve McQueen,7.0,875,11193675
4836,2004,Drama,Matthew Vaughn,7.0,559,5350214
14631,2005,Drama,Sterling Van Wagenen,8.0,6,-4474968
87499,2013,Drama,Zal Batmanglij,6.5,305,-4098490
18923,2004,Romance,Michael Mayer,6.8,45,-4951045
26665,2000,Drama,Hans Petter Moland,7.0,6,0
28089,2009,Drama,Oren Moverman,7.1,119,-4978739
62255,2010,Action,Ian Sharp,6.0,16,-6500000
5708,2007,Drama,Anton Corbijn,7.5,200,8159508
218,1984,Action,James Cameron,7.3,4128,71971200
338,2003,Comedy,Wolfgang Becker,7.4,586,74584880
21641,2009,Drama,Tom Hooper,7.2,152,-10000000
10925,1985,Comedy,Dan O'Bannon,7.3,267,10237000
2293,1995,Romance,Kevin Smith,6.8,392,-3877439
621,1978,Romance,Randal Kleiser,7.2,1581,175813770
792,1986,Drama,Oliver Stone,7.5,1205,132530565
1777,2004,Documentary,Michael Moore,6.8,397,113114517
642,1969,History,George Roy Hill,7.4,650,96308889
433,1964,Comedy,Robert Stevenson,7.4,1183,96272727
16619,1980,Drama,Robert Redford,7.4,145,-6000000
1725,1961,Crime,Robert Wise,7.0,389,37656822
11977,1980,Comedy,Harold Ramis,6.6,365,33846344
20322,2001,Comedy,Gary Hardwick,6.5,10,0
16158,1999,Comedy,Rick Famuyiwa,7.1,34,19059640
629,1995,Drama,Bryan Singer,8.1,3254,17341568
10160,1989,Horror,Stephen Hopkins,5.5,245,14168359
11452,2002,Comedy,Walt Becker,5.9,858,33275483
12163,2008,Drama,Darren Aronofsky,7.3,1000,38703995
32275,1946,Western,King Vidor,6.2,37,14400000
13785,2000,Comedy,Christopher Guest,6.7,166,0
1103,1981,Science Fiction,John Carpenter,6.9,703,44244700
36739,1988,Comedy,Spike Lee,6.2,26,0
14144,2007,Comedy,Fred Savage,4.4,91,12197398
10622,1997,Crime,Sammo Hung,6.3,128,6097767
13370,2003,Comedy,Christopher Guest,6.6,74,12750246
11191,1988,Comedy,Donald Petrie,5.9,123,0
10215,1998,Comedy,Peter Howitt,6.5,354,52000000
25066,1995,Crime,Rusty Cundieff,5.4,32,6000000
1523,2006,Drama,Kevin Macdonald,7.4,558,42027970
11361,1989,Horror,Dominique Othenin-Girard,5.2,183,6642254
92591,2012,Comedy,Richard Linklater,6.5,320,4206470
57612,2008,Documentary,Jean-Jacques Mantello,8.0,3,1518876
12509,2000,Drama,Ed Harris,6.6,91,0
15256,1999,Comedy,Risa Bramon Garcia,6.1,44,852450
83686,2012,Drama,Brian Klugman,6.4,379,7231461
80304,2012,Comedy,Matt Piedmont,5.5,103,0
28053,2009,Drama,Raymond De Felitta,6.9,113,670712
67913,2011,Action,John Michael McDonagh,6.8,372,13560274
13991,2008,Comedy,Deb Hagan,4.8,48,-769724
1443,1999,Drama,Sofia Coppola,7.1,817,4409377
8545,1998,Comedy,Mark Herman,6.6,61,0
19556,2009,Comedy,Zach Cregger,5.4,77,0
231576,2014,Drama,Zach Braff,6.4,300,-16701
16172,1999,Comedy,Mark Tarlov,5.5,52,-1601011
13403,2001,Comedy,John Cameron Mitchell,7.4,80,0
15797,1993,Action,Sheldon Lettich,6.9,29,-2716629
347764,2015,Mystery,Jon Knautz,6.2,9,0
13537,2003,Drama,Billy Ray,6.6,111,-3055248
20794,2001,Comedy,David Atkins,6.0,44,-3974762
31064,2001,Drama,Patrick Stettner,5.7,19,0
576,1969,Adventure,Sam Peckinpah,7.6,259,-5605446
13990,2008,Drama,Jonathan Levine,6.2,94,-3100025
11583,1979,Thriller,Michael Crichton,6.6,74,-6000000
18602,2002,Drama,Lynne Ramsay,7.2,34,0
27549,1991,Action,Sylvio Tabet,4.6,17,-5130675
59728,2011,Drama,Rick Bieber,4.7,12,-5600389
10930,2003,Drama,Claude Chabrol,5.7,10,0
32395,2009,Drama,Shana Feste,6.2,34,-6000000
58882,2011,Drama,Wayne Wang,5.3,22,1198226
7547,2006,Drama,Joey Lauren Adams,5.9,10,-6000000
35944,2001,Action,Peter Cattaneo,6.5,11,0
42222,1977,Drama,Fred Zinnemann,6.3,30,0
13827,2008,Comedy,S.R. Bindler,4.7,25,-5930503
44260,2006,Documentary,Tony Kaye,8.0,10,25
9282,2003,Crime,Greg Marcks,6.8,206,-6000000
38940,1994,Action,Perry Lang,5.4,29,0
35689,2009,Crime,Jake Goldberger,5.4,21,0
97614,2012,Crime,Stefan Ruzowitzky,5.6,224,-11933649
37206,2009,Drama,Vic Sarin,6.3,14,-6000000
58626,2011,Action,William Kaufman,5.2,73,-6000000
183894,2009,Romance,Jim O'Hanlon,7.6,38,0
837,1983,Horror,David Cronenberg,7.1,454,-3831561
1555,2002,Drama,Cédric Klapisch,7.0,266,-1402201
244783,2014,Drama,Kate Barker-Froyland,5.5,87,-5967749
16564,2008,Drama,Martin Koolhoven,6.8,66,-3469952
168027,2012,Comedy,Charles Matthau,4.9,18,0
3482,1964,Action,John Frankenheimer,7.2,72,1000000
135595,2012,Drama,Christopher Bessette,5.5,12,0
8982,2005,Action,Prachya Pinkaew,6.8,167,21165581
89861,1998,Comedy,Gary Sinyor,10.0,1,0
455,2002,Comedy,Gurinder Chadha,6.2,578,73078482
57022,2002,Drama,John Sayles,6.0,10,0
14351,2006,Action,Preston A. Whitmore II,4.2,10,1200000
147767,2012,Action,Ashish R. Mohan,4.7,11,126
10664,2009,Thriller,Jaume Balagueró,6.4,489,12869680
55567,2010,Comedy,Stewart Raffill,3.9,6,531826
9277,1973,Comedy,George Roy Hill,7.9,622,154116327
9443,1981,Drama,Hugh Hudson,6.8,207,53472904
16186,2005,Comedy,Darren Grant,6.4,71,0
7863,1996,Drama,Scott Hicks,7.3,131,0
138697,2013,Romance,Joseph Gordon-Levitt,5.9,1671,-6000000
11901,1973,Western,Clint Eastwood,7.4,278,10200000
1548,2001,Comedy,Terry Zwigoff,7.1,426,-7000000
11889,2001,Drama,Richard Eyre,6.2,47,0
33155,1980,Comedy,William Sachs,3.3,16,-635000
5528,2004,Drama,Christophe Barratier,7.5,526,0
321,2003,Comedy,Émile Gaudreault,5.6,28,-1330097
4997,2003,Crime,James Cox,6.2,73,-2533556
925,1989,Drama,Spike Lee,7.6,292,30795445
27451,2001,Drama,James Toback,4.8,15,0
73532,2011,Drama,Aki Kaurismäki,6.8,97,-3850000
979,2002,Drama,Gaspar Noé,7.1,538,792
193722,2013,Comedy,Hitoshi Matsumoto,5.4,31,-5500000
7913,2006,Drama,Rakeysh Omprakash Mehra,7.2,97,9302151
253253,2014,Drama,Collin Schiffli,6.2,9,0
51995,2011,Comedy,George Ratliff,5.6,28,-8000000
13173,2007,Comedy,David Wain,4.9,57,0
22908,1999,Drama,Shane Meadows,7.3,18,0
70670,2011,Thriller,Morten Tyldum,7.1,399,15699707
84204,2012,Science Fiction,Jon Wright,6.0,140,0
25248,2004,Comedy,Michael McGowan,7.3,24,0
230266,2014,Drama,Liv Ullmann,5.9,45,-500000
16633,1980,Science Fiction,Jeannot Szwarc,7.2,102,-5100000
63006,2011,Drama,Rohan Sippy,5.4,7,0
91586,2013,Horror,James Wan,6.5,1211,-5000000
215,2005,Horror,Darren Lynn Bousman,6.3,1251,148925093
333371,2016,Thriller,Dan Trachtenberg,6.8,2468,93286421
9012,2002,Documentary,Jeff Tremaine,6.1,345,59282312
345911,2016,Horror,David F. Sandberg,6.3,1129,39207032
72571,2011,Horror,Henry Joost,5.9,669,200703818
242512,2014,Horror,Stiles White,4.9,983,98590271
10072,1987,Horror,Chuck Russell,6.5,354,39793222
211954,2013,Comedy,Eugenio Derbez,7.5,205,93567206
82990,2012,Horror,Henry Joost,5.2,563,137817992
29912,1953,Drama,Henry Koster,6.4,42,31900000
11843,1975,Comedy,Blake Edwards,6.7,137,36833347
11284,1991,Horror,Rachel Talalay,5.1,272,23872033
504,2003,Crime,Patty Jenkins,7.0,485,52378584
173,1954,Adventure,Richard Fleischer,6.8,157,23200000
227348,2014,Horror,Christopher B. Landon,5.2,449,81362372
1955,1980,Drama,David Lynch,7.9,719,21010864
152532,2013,Drama,Jean-Marc Vallée,7.9,2886,50198285
243940,2015,Thriller,David Gelb,5.1,505,60810728
77,2000,Mystery,Christopher Nolan,8.1,4028,30723096
157547,2013,Horror,Mike Flanagan,6.3,1050,39030246
2295,2006,Comedy,Kevin Smith,6.9,398,21888376
71,2000,Drama,Stephen Daldry,7.4,750,105000000
147773,2013,Comedy,Nat Faxon,7.1,688,18598652
16096,1991,Comedy,Doug McHenry,4.7,21,0
24266,1982,Family,George T. Miller,6.8,37,17159423
16508,1999,Animation,Maurice Joyce,5.4,22,0
2895,1997,Drama,Robert Duvall,6.1,38,-5000000
15660,1981,Drama,Frank Perry,6.5,54,0
59968,2011,Comedy,Jesse Peretz,5.9,365,7273593
323677,2016,Action,Stephen Hopkins,7.1,478,19804129
19848,1998,Drama,Ice Cube,6.4,14,0
256274,2014,Horror,John Erick Dowdle,6.1,766,35100000
235271,2014,Drama,Bille Woodruff,5.4,63,0
45153,1997,Drama,Kasi Lemmons,6.1,27,0
284293,2014,Drama,Richard Glatzer,7.5,1104,38884652
24973,1954,History,Michael Curtiz,6.0,11,10000000
21610,1981,Action,Bruce Malmuth,6.4,86,14905359
10283,1989,Horror,Rob Hedden,4.8,191,9000000
8346,2002,Comedy,Joel Zwick,6.2,671,363744044
122081,2013,Drama,Harmony Korine,5.0,1551,26724284
10987,1995,Horror,Joe Chappelle,5.0,170,10116634
1391,2001,Drama,Alfonso Cuarón,7.3,315,28616692
747,2004,Horror,Edgar Wright,7.5,2420,26039392
14745,2008,Drama,Mickey Liddell,4.3,48,0
26748,1996,Drama,John Sayles,6.9,77,8269963
11357,1988,Horror,Dwight H. Little,5.9,209,12768757
24913,1986,Horror,Fred Walton,5.8,73,-5000000
13776,1982,Comedy,Barry Levinson,6.9,83,0
14854,1983,Action,Steve Carver,5.5,67,7232628
50357,2011,Horror,Gonzalo López-Gallego,5.0,356,20562924
13090,2008,Comedy,Christine Jeffs,6.5,255,11174377
192141,2015,Action,John Erick Dowdle,6.7,777,49418872
16441,1982,Action,Don Coscarelli,6.0,97,14056528
29996,1959,Drama,King Vidor,5.4,8,7200000
351819,2016,Romance,Michael Tiddes,4.3,331,1164799
14834,2009,Drama,Bill Duke,6.3,9,0
22649,1932,Drama,Frank Borzage,6.2,28,21
378200,2016,Comedy,Bille Woodruff,5.2,42,0
20455,2000,Fantasy,Mamoru Hosoda,6.2,72,-5500000
13193,2004,Comedy,Brian Dannelly,6.3,147,0
11042,2003,Comedy,Denys Arcand,6.7,77,-4567658
10786,1976,Action,Richard Lester,6.6,50,0
12484,2001,Action,J.S. Cardone,4.9,47,-5000000
17339,1978,Action,Guy Hamilton,6.4,91,2230000
11959,1989,Comedy,Jay Levey,6.7,89,-5000000
9900,2006,Comedy,Nicholaus Goossen,6.6,220,6538177
14662,1998,Comedy,Tamara Jenkins,6.5,44,-5000000
335,1968,Western,Sergio Leone,8.1,1128,321508
15745,2001,Action,Jon Favreau,6.3,55,476060
17431,2009,Science Fiction,Duncan Jones,7.6,1794,4760104
21014,2006,Comedy,Scott Marshall,5.2,18,0
78394,2010,Documentary,Ronan Chapalain,5.9,11,-925977
10217,1997,Drama,Atom Egoyan,6.8,103,-1736415
46332,2010,Drama,Xavier Beauvois,6.5,91,37424067
13996,2008,Comedy,Randall Miller,6.6,60,-959412
3028,1982,Comedy,Jerry Belson,4.6,5,0
1024,1994,Drama,Peter Jackson,7.0,294,-1950865
343795,2015,Drama,Michael Polish,5.4,40,-157301
45658,2010,Comedy,Dan Rush,6.0,208,-2385227
16148,1998,Comedy,Jake Kasdan,6.0,55,-3019662
4553,2004,Thriller,Brad Anderson,7.3,1247,3203235
36351,1992,Drama,Paul Schrader,5.7,15,-5000000
245916,2014,Thriller,Michael Cuesta,6.6,355,-2549154
27585,2010,Drama,John Cameron Mitchell,6.9,165,129058
1415,2003,Comedy,Fenton Bailey,5.9,58,-4257102
313922,2016,Horror,Jeremy Saulnier,6.7,683,-1779629
14474,2006,Comedy,Billy Kent,5.8,27,-5000000
199933,2014,Drama,James Manera,3.9,15,-4153296
13685,1996,Comedy,Wes Anderson,6.8,281,-6439931
8744,1996,Crime,Kevin Spacey,5.6,45,-6000000
38428,2007,Drama,Feroz Abbas Khan,6.0,2,0
8847,2008,Documentary,Errol Morris,6.6,14,0
39269,1980,Drama,Dennis Hopper,6.5,17,0
46838,2010,Comedy,Eli Craig,7.3,847,476793
51384,2008,Drama,Nicholas Fackler,6.2,13,0
56930,1947,Action,Richard Wallace,6.6,4,0
41730,1999,Comedy,Morgan J. Freeman,5.5,9,0
18442,2004,Horror,Matthew Hastings,4.7,33,-5000000
298312,2015,Horror,M. Night Shyamalan,6.0,1360,93450062
11600,2007,Drama,Brian De Palma,6.2,37,-4217898
71547,2004,Romance,Klaus Menzel,3.8,4,0
57876,2015,Horror,Oren Peli,4.2,151,-5000000
77495,2011,Thriller,Jaume Balagueró,7.0,202,-5000000
13849,2008,Horror,Paul Andrew Williams,6.3,80,0
14849,2009,Drama,Stephen Herek,5.8,65,0
12486,2006,Comedy,Bob Saget,3.2,13,0
19615,2009,Drama,,7.0,2,0
244403,2014,Music,William H. Macy,7.4,105,-5000000
292481,2014,Family,Barrett Esposito,3.0,3,-5000000
340816,2015,Romance,Mitch Davis,6.1,24,0
78814,2011,TV Movie,Eric Bross,5.0,3,0
297596,2014,Thriller,Paul Schrader,4.5,118,-15000000
299552,2013,Action,Vicky Jewson,4.1,7,0
11935,1977,Drama,Peter Hyams,6.4,131,-5000000
113406,2012,Comedy,Marcia Bennett,0.0,0,0
447027,2015,Family,,0.0,0,0
290825,2016,Comedy,Kevin Smith,4.7,102,-5000000
361159,2015,Horror,Stanton Barrett,3.5,36,0
12555,2006,Comedy,Jiří Menzel,7.0,22,0
31175,2009,Drama,Fatih Akin,7.1,116,12872796
12498,1996,Drama,Billy Bob Thornton,7.4,231,23475416
77949,2011,Horror,Nick Murphy ,6.3,458,-4588539
1690,2005,Horror,Eli Roth,5.7,887,75778934
8435,2005,Comedy,Michael Winterbottom,6.2,43,0
64720,2011,Thriller,Jeff Nichols,7.1,471,-1900686
49365,1988,Horror,Frank LaLoggia,6.3,25,0
11404,2006,Drama,Jeremy Brock,6.3,47,0
300706,2014,Comedy,Scott Foley,5.5,76,-5000000
16337,1986,Horror,Tobe Hooper,5.9,139,3325872
11577,1973,Western,Sam Peckinpah,7.2,65,6361217
77987,2013,Drama,Nicolas Winding Refn,5.6,862,5537387
40185,2005,Drama,Christophe Ali,4.8,4,0
68202,2011,Comedy,Gabriela Tagliavini,4.6,8,-4
8981,2004,Drama,Shona Auerbach,7.0,46,0
10914,2007,Action,Leonard Farlinger,1.0,1,0
50848,2010,Drama,Michel Leclerc,7.3,93,-4600000
166624,2013,Drama,Analeine Cal y Mayor,5.6,6,-4700000
10822,2007,Drama,Tom Kalin,5.7,60,-4600000
10844,2006,Drama,Robert Sarkies,5.9,18,0
9336,1984,Comedy,Hugh Wilson,6.5,602,141698896
5689,1980,Romance,Randal Kleiser,5.8,408,54353106
712,1994,Comedy,Mike Newell,6.6,632,248700832
13342,1982,Comedy,Amy Heckerling,7.0,322,22592880
10339,1956,Adventure,John Huston,6.9,89,5900000
1429,2002,Crime,Spike Lee,7.2,629,-1939157
9303,1996,Crime,Lilly Wachowski,6.9,198,2511317
641,2000,Crime,Darren Aronofsky,7.9,2443,2890108
27686,1945,Music,Walter Lang,6.2,19,0
65749,1998,Drama,Carlos Saura,6.8,6,0
6106,1986,Drama,Oliver Stone,7.0,71,-4500000
252680,2014,Comedy,Jon Erwin,5.5,121,5429707
141,2001,Fantasy,Richard Kelly,7.7,3452,-4729478
66607,2011,Action,Beto Gómez,6.1,18,0
17139,1997,Drama,Mike van Diem,7.7,25,-4500000
12079,2002,Comedy,Jonas Åkerlund,6.6,132,-2000000
39800,2009,Comedy,Todd Solondz,6.3,30,-3755184
4550,2005,Drama,Park Chan-wook,7.4,356,23803308
62116,2010,Drama,René Féret,6.2,13,0
9991,2001,Comedy,Barry Skolnick,6.0,157,0
13807,2006,Action,Johnnie To,7.0,46,-4500000
68818,2011,Adventure,Mateo Gil,6.6,73,623528
12093,2002,Crime,Lukas Moodysson,7.7,139,0
36419,2010,Drama,Agnieszka Wojtowicz-Vosloo,5.4,251,-893605
281730,2014,Comedy,Kabir Sadanand,5.3,2,0
510,1975,Drama,Miloš Forman,8.2,2919,105981275
362105,2015,Comedy,Peter DeLuise,6.9,35,-4400000
10970,1976,Comedy,Mel Brooks,6.7,78,0
375290,2016,Thriller,Raja Menon,7.3,57,27500000
17663,1985,Drama,Kevin Sullivan,8.2,68,0
270938,2014,Adventure,Ernie Barbarash,5.5,71,0
116613,2012,Action,Nick Love,5.7,109,2563661
11826,2000,Crime,Jonathan Glazer,7.0,217,-5000000
29920,2010,Drama,Daniel Espinosa,6.5,63,0
1088,2003,Drama,Niki Caro,7.1,111,33400000
26379,2009,Drama,,6.6,19,-3250000
34069,2009,Thriller,Ivan Engler,5.9,140,0
10947,2006,Comedy,Kenny Ortega,6.1,1000,-4200000
47452,1997,Drama,Richard Kwietniowski,6.9,11,0
3040,2004,Fantasy,Timur Bekmambetov,6.3,210,27800000
11386,1992,Romance,Neil Jordan,6.9,176,58843409
10246,1981,Comedy,Bob Clark,6.1,183,121728258
29426,2010,Horror,George A. Romero,4.6,116,-4000000
10331,1968,Horror,George A. Romero,7.5,580,29886000
153,2003,Drama,Sofia Coppola,7.3,1895,115723856
703,1977,Comedy,Woody Allen,7.8,1010,34251425
27191,1952,Action,Cecil B. DeMille,6.6,50,32000000
1365,2001,Drama,Marc Forster,6.5,250,40909486
287424,2015,Horror,Henry Hobson,5.2,593,-3812888
451,1995,Drama,Mike Figgis,7.1,360,46200000
165864,2013,Horror,Duane Journey,4.8,67,-4500000
987,1974,Romance,Billy Wilder,6.9,68,-4000000
241251,2015,Thriller,Rob Cohen,4.1,1022,48425855
40494,1956,Drama,Carol Reed,6.4,22,10400000
39781,2010,Comedy,Lisa Cholodenko,6.5,506,31205850
8337,1988,Action,John Carpenter,7.1,550,9008928
5925,1963,Adventure,John Sturges,7.8,717,7744471
8357,2004,Documentary,William Arntz,5.8,34,10000000
146203,2013,Horror,Ed Gass-Donnelly,4.4,203,10179302
85350,2014,Drama,Richard Linklater,7.5,1971,40349000
512,2006,Comedy,Woody Allen,6.4,420,27584901
13408,2001,Action,DJ Pooh,5.3,26,3229331
47816,2000,Action,DJ Pooh,5.9,15,3000000
10744,2003,Drama,Wayne Kramer,6.7,89,-32000000
11536,1961,Drama,John Huston,6.8,72,4200000
9782,2006,Drama,Patrick Stettner,5.5,57,0
18713,1995,Comedy,James Melkonian,4.8,10,0
6537,2007,Horror,Juan Antonio Bayona,7.1,633,44000000
184345,2014,Comedy,Michael Tiddes,5.4,346,0
1809,2002,Comedy,Roger Avary,6.3,168,-4000000
2370,1969,Action,Alfred Hitchcock,6.1,77,2000000
9809,2006,Comedy,Bob Odenkirk,5.5,69,630045
5,1995,Crime,Allison Anders,6.5,530,300000
11013,2002,Comedy,Steven Shainberg,6.7,376,5304609
19153,2003,Documentary,Rick de Oliveira,3.3,8,0
10132,1988,Drama,Oliver Stone,6.7,46,-531428
16448,1996,Music,Christopher Guest,7.3,63,0
15122,1999,Comedy,Jeff Franklin,5.4,11,0
8141,2007,Comedy,John Dahl,6.2,80,-1573149
1546,2005,Comedy,Mike Mills,6.1,67,1919197
48572,2011,Horror,Kevin Smith,5.9,316,-2895318
14517,2005,Fantasy,Dave McKean,6.6,102,-3133001
89708,2011,Drama,Ron Fricke,8.0,167,-4000000
27551,1987,Fantasy,Ruggero Deodato,5.1,8,0
64678,2011,Drama,Gavin Wiesen,6.5,415,1406224
309503,2015,Thriller,Mora Stephens,5.5,58,0
14293,2002,Comedy,Mars Callahan,6.5,25,0
15059,1999,Drama,Mike Figgis,5.2,9,-4000000
103328,2012,Drama,Leos Carax,6.9,228,641100
157847,2014,Drama,David Gordon Green,6.5,338,-1634533
25719,1997,Crime,Stefan Schwartz,7.0,23,-2697796
48309,1988,Crime,Renny Harlin,6.7,27,-945296
27723,2000,Comedy,Robert Lee King,6.0,26,-1500000
20468,1999,Comedy,Kevin Allen,5.8,6,0
242575,2013,Drama,Jorge Ramírez Suárez,8.1,18,-4000000
44945,2010,Crime,David Schwimmer,6.6,307,-9380000
29122,2000,Comedy,Barry Levinson,6.0,1,0
125123,1998,Comedy,Sam Miller,4.5,2,0
111190,2013,Drama,Anne Fontaine,6.1,291,-15681018
133575,1999,Drama,Dan Ireland,4.2,5,-4000000
54580,2002,Drama,Fernando León de Aranoa,7.1,36,-3853598
52015,2010,Drama,Jim Mickle,6.2,285,-616755
34941,1997,Drama,Stephen T. Kay,6.7,7,0
227975,2014,Drama,Karim Aïnouz,6.4,31,0
60422,2011,Comedy,Sam Levinson,6.2,37,-3644312
81390,2011,Adventure,Julian Gilbey,6.2,157,21345000
10981,2003,Comedy,Vincenzo Natali,5.8,38,0
225235,2013,Drama,Aleksandr Veledinskiy,7.3,23,4037782
14902,1972,Drama,Peter H. Hunt,7.1,20,0
121676,2012,Thriller,Ruba Nadda,5.2,13,0
22301,1930,Action,James Whale,6.1,19,4050000
20065,2007,Comedy,Edward Burns,5.7,9,-4000000
257087,2016,Horror,Phil Joanou,4.5,118,-4000000
46420,2009,Horror,Sean Byrne,6.6,207,0
114635,2012,Horror,Chris Stokes,4.1,8,-4000000
158150,2012,Comedy,Mark Griffiths,5.2,20,-4000000
251979,2014,Romance,Bruce MacDonald,4.4,21,0
874,1966,Drama,Fred Zinnemann,7.5,89,24450000
10774,1976,Drama,Sidney Lumet,7.7,381,19889877
770,1939,Drama,Victor Fleming,7.7,970,396176459
266102,2014,Drama,Richard Raymond,6.5,18,0
29715,1965,War,Sam Peckinpah,6.2,38,-3785127
25209,1950,Action,George Sidney,7.3,22,4231215
37495,2010,Comedy,Chris Morris,7.0,423,3302314
29262,2005,Drama,Andrucha Waddington,6.7,9,0
34769,2009,Drama,Peter Stebbings,6.5,195,-3455538
35032,1948,Music,Vincente Minnelli,6.6,17,-744000
5178,2009,Drama,Dagur Kári,6.0,21,-3800000
8618,2006,Comedy,Nicholas Hytner,6.6,66,9401952
3116,1969,Drama,John Schlesinger,7.4,299,41185053
9427,1997,Comedy,Peter Cattaneo,6.8,363,254350122
813,1980,Comedy,Jerry Zucker,7.1,1074,79953539
352978,2015,Thriller,Kevin Carraway,5.3,11,-5000000
10634,1995,Comedy,F. Gary Gray,7.0,503,24715918
9516,1993,Drama,Albert Hughes,7.2,173,24400000
16288,1987,Horror,Michael Gornick,5.9,129,10500000
23330,1970,Action,Sam Peckinpah,6.9,47,1283054
18900,1967,Crime,Richard Brooks,7.4,82,9507551
27029,1959,Drama,Fred Zinnemann,7.4,46,9300000
26268,1966,Action,Jack Smight,6.2,35,8500000
573,1972,Crime,Alfred Hitchcock,7.1,158,9100000
310131,2016,Mystery,Robert Eggers,6.3,1434,36923945
40505,1998,Action,Michael Martin,5.4,8,0
11363,1996,Comedy,Edward Burns,5.7,70,5982579
3033,1998,Drama,Bill Condon,6.8,81,-3548372
25376,2009,Crime,Juan José Campanella,7.8,626,31965843
22007,2008,Horror,Gideon Raff,4.8,36,0
765,1987,Horror,Sam Raimi,7.6,742,2323044
10615,2001,Action,Louis C.K.,5.4,43,0
205321,2013,TV Movie,Anthony C. Ferrante,3.8,476,-1000000
89540,1999,Drama,Salvador Carrasco,5.4,4,0
46146,2010,Fantasy,André Øvredal,6.7,583,659678
38007,2006,Comedy,Robert Cary,5.8,9,0
14256,2006,Comedy,Adam Rapp,6.7,28,-3386217
540,2004,Action,Angela Robinson,5.6,90,-3500000
370464,2016,Crime,Warren P. Sonoda,2.9,7,0
20055,2008,Crime,Amanda Gusack,5.2,10,-3500000
224569,1999,Action,Avi Nesher,2.0,1,0
395766,2016,Drama,Nick Murphy ,0.0,0,0
39303,2009,Horror,Charles Adelman,4.6,10,-3500000
142061,2013,Action,Jay Oliva,7.9,419,-3500000
370662,2015,Documentary,Charles Ferguson,0.0,0,-3500000
252360,2013,Action,Uwe Boll,3.3,19,-3500000
256740,2014,Action,Mark Young,5.3,37,-3500000
299145,2015,Drama,"Daniel Petrie, Jr.",5.0,11,0
241766,2014,Crime,Antonio Simoncini,3.6,6,-3440000
12535,1977,Comedy,Mel Brooks,6.5,84,27663038
1667,2005,Documentary,Luc Jacquet,6.9,358,119392239
50839,2011,Thriller,J.C. Chandor,6.7,524,16004039
86549,2011,Drama,Eldar Rapaport,6.2,15,0
13973,2008,Comedy,Clark Gregg,6.0,127,830137
244786,2014,Drama,Damien Chazelle,8.3,4254,9792000
598,2002,Drama,Fernando Meirelles,8.1,1814,27341770
11129,1999,Comedy,Justin Kerrigan,6.8,97,3400000
75861,2015,Drama,Nathan Frankowski,6.8,47,-3400000
13551,2006,Mystery,Karen Moncrieff,6.4,66,0
103663,2012,Drama,Thomas Vinterberg,7.9,927,13000000
850,1983,Comedy,Bob Clark,7.4,344,19294144
12586,2006,Drama,Alejandro Monteverde,6.7,37,0
11564,1982,Action,Mark L. Lester,6.2,66,-4300000
301748,2014,Comedy,Jonathan Silverman,4.1,9,-3255000
108346,1999,Romance,Eric Styles,8.0,1,-1999993
8841,2008,Drama,Laurent Cantet,6.8,174,28814580
805,1968,Horror,Roman Polanski,7.5,863,30195426
11697,1962,Western,John Ford,7.4,265,4800000
22051,2009,Drama,Max Mayer,6.9,150,2277396
436,2004,Drama,Joshua Marston,6.9,101,0
55347,2010,Drama,Mike Mills,6.8,347,2132926
10070,2005,Action,John Gulager,6.1,160,658573
8469,1978,Comedy,John Landis,7.0,418,138300000
658,1964,Adventure,Guy Hamilton,7.2,987,122381062
125490,2012,Science Fiction,Brandon Cronenberg,5.7,112,-2400000
1585,1946,Drama,Frank Capra,8.0,1076,6464124
627,1996,Drama,Danny Boyle,7.8,2655,12491080
23618,2000,Comedy,Spike Lee,6.3,15,0
41436,2010,Horror,Tod Williams,5.7,722,174512032
10162,1998,Comedy,Kirk Jones,7.4,54,0
1430,2002,Documentary,Michael Moore,7.3,453,31564473
259943,2014,Drama,Zhang Yimou,6.9,49,0
10014,1985,Horror,Jack Sholder,5.7,361,26999213
11257,1985,Drama,James Ivory,6.9,156,17966644
158015,2013,Science Fiction,James DeMonaco,6.0,2428,86328627
82507,2012,Horror,Scott Derrickson,6.7,1573,74712439
20337,2002,Comedy,Martin Lawrence,5.0,1,16184015
261,1958,Drama,Richard Brooks,7.6,165,14570324
1685,1970,Adventure,Ted Post,6.2,361,15999718
20737,1997,Comedy,Charles Martin Smith,5.3,106,20144499
10991,2000,Adventure,Michael Haigney,5.9,137,52411275
10225,1986,Horror,Tom McLoughlin,5.7,216,16472057
826,1957,Drama,David Lean,7.7,542,30300000
34086,1990,Comedy,Patrick Read Johnson,4.7,25,12369573
5854,1976,Comedy,Alfred Hitchcock,6.7,86,5900000
284,1960,Comedy,Billy Wilder,8.1,483,22000000
10285,1993,Fantasy,Adam Marcus,4.2,193,12938065
5780,1966,Mystery,Alfred Hitchcock,6.4,120,10000000
292,2005,Comedy,Michel Gondry,6.4,28,8718595
223485,2015,Romance,John Maclean,6.6,367,229094
29463,1985,Drama,Michael Schultz,7.0,11,-3000000
18065,2009,Action,Benny Boom,5.3,36,0
22013,1960,Drama,Richard Brooks,7.3,41,7400000
821,1961,Drama,Stanley Kramer,7.6,155,7000000
53862,1999,Comedy,David Raynr,4.5,4,9016377
3089,1948,Western,Howard Hawks,7.3,82,6012000
30139,2006,Comedy,Nnegest Likké,3.7,10,0
132344,2013,Romance,Richard Linklater,7.4,568,8176469
15582,1987,Comedy,Christopher Leitch,3.8,46,0
15158,1988,Action,Don Coscarelli,6.3,94,4282851
44634,2004,Drama,Michael Schultz,5.0,3,3804016
30309,2002,Comedy,Patricia Cardoso,5.8,19,0
7509,2005,Drama,Deepa Mehta,6.8,34,10422387
10557,1999,Comedy,Damien O'Donnell,6.5,59,24400000
23531,2000,Comedy,Peter M. Cohen,3.1,11,-3000000
28005,1996,Drama,Mira Nair,5.7,35,1109095
40247,2010,Comedy,Nicole Holofcener,6.0,57,-3000000
252,1971,Family,Mel Stuart,7.4,798,1000000
24126,1993,Fantasy,Anthony Hickox,5.2,38,0
13982,1997,Comedy,Tom Schulman,5.4,39,0
16642,1978,Drama,Terrence Malick,7.6,234,0
17734,2001,Drama,Jill Sprecher,6.4,25,0
18892,1999,Comedy,Darren Stein,5.9,90,76820
549,1996,Drama,Julian Schnabel,6.6,94,49144
121986,2013,Comedy,Noah Baumbach,7.2,345,4069826
868,2005,Crime,Gavin Hood,6.9,94,6879971
10683,1998,Comedy,Todd Solondz,7.4,194,-192610
17995,2003,Comedy,George Gallo,6.1,4,0
246403,2014,Comedy,Kevin Smith,5.1,366,-973295
670,2003,Drama,Park Chan-wook,8.0,1945,11980005
35691,2010,Action,David Nixon,6.5,37,0
49010,2011,Action,Jason Eisener,5.7,211,-2251547
317930,2016,Action,Enrique Begné,5.2,17,-3000000
11229,1996,Comedy,Matthew Bright,6.5,95,-3000000
22488,2006,TV Movie,Michael Landon Jr.,5.8,12,0
24469,2009,Drama,Andrea Arnold,6.9,250,-642148
82533,2012,Comedy,Whit Stillman,5.6,67,0
50942,1998,Horror,Stuart Gillard,4.0,21,0
84174,2012,Comedy,Leslye Headland,5.3,444,8947954
34099,2004,Drama,Bobby Roth,3.7,3,0
79940,2012,Comedy,Tim Heidecker,5.2,34,0
342,2004,Comedy,Marco Kreuzpaintner,6.7,59,-2700000
281230,2014,War,Michael Worth,6.3,2,0
38033,2010,Horror,Deon Taylor,3.9,37,0
100975,1999,Drama,Jason Alexander,5.8,5,-3000000
38541,2011,Science Fiction,Xavier Gens,5.7,197,-2978000
39563,2009,Drama,Conor McPherson,6.1,15,0
234212,2015,Thriller,Will Canon,4.9,148,387000
27404,2005,Comedy,Philip Zlotorynski,3.0,5,0
170480,2010,Comedy,Lance Kawas,0.0,0,0
71866,2009,Drama,Francesca Gregorini,5.4,32,0
192210,2013,Action,Márcio Garcia,5.2,18,-3000000
180296,2014,Comedy,David Wain,5.3,171,0
157058,2013,Comedy,Craig Moss,2.9,28,0
70006,2011,Drama,Michael Jai White,5.8,136,-3000000
26039,1967,Action,John Boorman,7.1,95,700000
79587,2009,Drama,Paolo Monico,0.0,0,-3
176077,2013,Thriller,Youssef Delara,4.8,14,0
260947,2014,Mystery,Darin Scott,4.6,16,-3000000
342502,2015,Thriller,Christian Sesma,2.8,10,-3000000
43213,2009,Action,Brian Caunter,6.1,5,-3200000
44594,2010,Comedy,Chris D'Arienzo,6.3,22,0
666,1998,Drama,Walter Salles,7.6,126,2696708
248,1961,Comedy,Frank Capra,7.3,25,2100000
325173,2015,Crime,Isaac Florentine,4.9,54,0
55831,2005,Comedy,,6.8,3,0
351043,2015,Thriller,Michael Polish,4.1,52,-3000000
43942,2010,Documentary,Heidi Ewing,6.6,36,-2896265
10226,2003,Horror,Alexandre Aja,6.6,271,0
66942,2011,Romance,Leon Ford,6.1,34,-2902660
356483,2015,Thriller,Hank Braxtan,4.3,12,0
10476,2005,Drama,Craig Brewer,6.9,99,15563727
239,1959,Comedy,Billy Wilder,8.0,808,22116152
10281,1988,Horror,John Carl Buechler,5.3,192,16370001
630,1939,Adventure,Victor Fleming,7.4,1642,30977967
3034,1974,Comedy,Mel Brooks,7.7,854,83473333
13025,2007,Horror,George A. Romero,5.4,190,3364858
21461,2006,Comedy,Rajkumar Hirani,7.6,44,0
55306,1997,Drama,Victor Nunez,6.5,19,0
17264,1979,Adventure,Carroll Ballard,7.0,59,35099643
16016,2008,Action,Kresten Vestbjerg Andersen,4.9,10,0
15875,1963,Adventure,John Ford,6.0,30,3914000
5900,1996,Comedy,Alex van Warmerdam,7.0,3,0
43306,1944,Drama,Victor Fleming,6.0,8,2736000
11072,1974,Western,Mel Brooks,7.2,609,116900000
9730,1984,Horror,Joseph Zito,5.9,237,30380880
209274,2013,Drama,Paweł Pawlikowski,7.1,260,8540720
26371,1987.0,Drama,James Ivory,7.1,61,0
14137,2006.0,Comedy,Frank Sebastiano,5.3,22,0
291,2004.0,Documentary,Stacy Peralta,7.6,23,566000
14139,2007.0,Science Fiction,Nacho Vigalondo,7.0,308,-2046802
33106,2009.0,Action,Ning Hao,7.4,13,0
8875,2007.0,Horror,Tony Giglio,5.2,38,-2600000
872,1952.0,Comedy,Stanley Donen,7.8,727,4659200
72914,2010.0,Documentary,Joe Cross,7.1,47,0
139038,2013.0,Comedy,Michael Tiddes,5.4,516,57641683
126509,2012.0,Documentary,John Sullivan,4.6,19,30900000
9591,1996.0,Comedy,Tom Hanks,6.8,225,34585416
10676,1982.0,Horror,Tommy Lee Wallace,5.0,229,11900000
1687,1971.0,Action,Don Taylor,6.3,264,9848905
24748,1963.0,Action,Martin Ritt,7.5,66,7500000
181330,2013.0,Comedy,Leslie Small,7.1,95,32230907
468,1991.0,Drama,Gus Van Sant,7.1,212,-2500000
401,2004.0,Comedy,Zach Braff,7.1,618,24281723
76,1995.0,Drama,Richard Linklater,7.7,959,3035405
50538,2003.0,Horror,Éric Tessier,6.9,8,0
25636,1999.0,Comedy,Alison Maclean,6.7,22,0
19316,2004.0,Comedy,Alice Wu,6.8,32,0
21074,2007.0,Drama,Sarah Gavron,5.2,15,0
84329,2012.0,Science Fiction,Jake Schreier,6.8,450,825038
20,2003.0,Drama,Isabel Coixet,7.2,77,9726954
157386,2013.0,Comedy,James Ponsoldt,6.8,1048,4354611
13007,2008.0,Comedy,Larry Charles,7.2,197,0
13518,2008.0,Documentary,Joshua Tickell,7.0,3,0
116584,2006.0,Drama,Tim Boxell,7.0,1,0
46849,2007.0,Drama,Michael D. Sellers,7.1,7,-2428096
40428,2010.0,Documentary,Reed Cowan,5.5,6,0
17334,2008.0,Comedy,James Dodson,6.1,50,-14000000
1698,2000.0,Horror,Stefan Ruzowitzky,6.1,61,0
20764,2008.0,Drama,Alex Rivera,6.0,40,-2392441
45132,2010.0,Comedy,James Gunn,6.6,441,-2175862
76706,2010.0,Comedy,John Murlowski,5.0,15,0
254472,2015.0,Comedy,Benni Diez,4.9,63,-2500000
332285,2016.0,Horror,Danny Perez,4.8,40,-35000000
49471,1996.0,Drama,Spike Lee,7.0,11,3331103
13569,2006.0,Drama,Robby Henson,4.8,21,0
7512,2006.0,Adventure,Mike Judge,6.3,664,-29504697
356216,2015.0,Crime,Zackary Adler,4.5,19,-2500000
11798,2006.0,Drama,Shane Meadows,7.4,363,5796544
146631,2012.0,Action,Dominic Burns,3.1,47,-2500000
43546,1944.0,Comedy,George Sidney,7.0,4,4531000
61038,2011.0,Drama,Carmen Marron,4.6,5,-2450000
78373,1998.0,Comedy,Tim McCanlies,10.0,1,565592
17820,1951.0,Music,George Sidney,6.9,18,8700000
74457,2011.0,Drama,Mario Van Peebles,4.7,6,0
283384,2014.0,Thriller,Jason Stone,5.6,88,0
19933,1987.0,Fantasy,Jerry Rees,6.7,93,-2000000
756,1940.0,Animation,David Hand,7.2,808,81040000
433715,2014.0,Thriller,Jaco Booyens,0.0,0,0
9728,1982.0,Horror,Steve Miner,5.7,254,32690067
9731,1985.0,Horror,Danny Steinmann,5.1,196,19730418
9916,2007.0,Drama,Michael Landon Jr.,6.2,11,0
309425,2015.0,Fantasy,Jon Gunn,6.6,48,0
14156,2008.0,Thriller,Hayley Cloake,5.7,5,0
43610,1945.0,Drama,Tay Garnett,5.8,4,6972000
360339,2015.0,Thriller,Shyam Madiraju,5.6,19,-2300000
31163,2005.0,Comedy,Harmage Singh Kalirai,3.5,5,0
297621,2014.0,Romance,Rita Merson,5.4,12,0
16205,2007.0,Action,Jon Knautz,5.7,59,0
887,1946.0,Drama,William Wyler,7.6,143,21550000
9517,2001.0,Crime,Larry Clark,6.7,125,480811
6007,2001.0,Comedy,Petter Næss,7.0,51,0
364083,2015.0,Drama,Robert Fontaine,0.0,0,-2096670
8329,2007.0,Horror,Jaume Balagueró,7.1,934,28948000
69640,2010.0,Drama,Patricia Cardoso,4.5,4,0
347548,2015.0,Thriller,Neil Mcenery-West,5.1,36,0
322443,2015.0,Adventure,Anthony O'Brien,4.1,15,0
657,1963.0,Action,Terence Young,6.9,760,76898765
28165,1989.0,Comedy,Lloyd Kaufman,5.3,39,0
11561,1973.0,Comedy,Woody Allen,7.0,200,16344729
270303,2015.0,Horror,David Robert Mitchell,6.6,1832,12674076
11624,1972.0,Comedy,Woody Allen,6.6,215,16016290
595,1962.0,Crime,Robert Mulligan,8.0,657,11129846
8810,1981.0,Adventure,George Miller,7.3,957,22600832
12207,1994.0,Action,Liu Chia-Liang,7.2,242,0
226,1999.0,Crime,Kimberly Peirce,7.2,353,9540607
92182,2011.0,Horror,Chris Kentis,5.2,125,11101672
582,2006.0,Drama,Florian Henckel von Donnersmarck,7.9,958,68000000
72213,2011.0,Drama,Alex Kendrick,6.8,77,33522221
990,1961.0,Drama,Robert Rossen,7.6,240,5600000
55604,1940.0,Adventure,Jack Conway,6.5,8,7172000
9662,2003.0,Adventure,Sylvain Chomet,7.3,231,-6522324
20862,1998.0,Drama,Chris Eyre,6.6,24,0
2771,2003.0,Comedy,Shari Springer Berman,7.1,120,6003587
80,2004.0,Drama,Richard Linklater,7.6,718,13292615
55,2000.0,Drama,Alejandro González Iñárritu,7.6,521,18908467
11023,2003.0,Crime,Catherine Hardwicke,6.7,339,2601043
33667,1947.0,Drama,Elia Kazan,6.8,47,5800000
39013,2010.0,Drama,Debra Granik,6.8,565,11831503
11194,2003.0,Documentary,Kevin Macdonald,7.6,138,13885802
43839,1938.0,Drama,Henry King,4.8,6,2000000
1382,2005.0,Comedy,Miranda July,7.0,107,0
44639,2010.0,Documentary,Charles Ferguson,7.7,286,5871522
301351,2015.0,Drama,Max Joseph,6.3,658,5122090
4816,1999.0,Crime,Jim Jarmusch,7.2,298,0
7873,2005.0,Crime,David Ayer,6.3,197,3967038
331190,2015.0,Crime,Jerry Jameson,5.6,92,801508
15186,2002.0,Comedy,Steven Soderbergh,4.8,26,506446
17994,1986.0,Horror,Kevin Tenney,5.9,58,0
1378,2006.0,Romance,John Cameron Mitchell,6.3,140,3179037
8885,2008.0,Drama,Ari Folman,7.8,291,9125849
12901,2007.0,Documentary,Charles Ferguson,7.2,23,-568377
250124,2015.0,Drama,Marielle Heller,6.8,279,-522998
14284,2007.0,Documentary,David Sington,7.6,31,-2000000
57120,2010.0,Drama,Kelly Reichardt,6.5,77,876302
12228,2005.0,History,Fenton Bailey,6.8,31,-1346379
22617,2000.0,Drama,Bob Giraldi,7.1,19,0
55561,1997.0,Comedy,Jill Sprecher,5.6,13,0
42889,2010.0,Comedy,Huck Botko,4.6,19,-1436294
10656,1985.0,Action,Luc Besson,6.3,86,-1609341
24363,2005.0,Comedy,David Duchovny,6.1,23,0
13121,2007.0,Comedy,Mitchell Lichtenstein,5.2,210,0
24746,1998.0,Action,Lance Mungia,5.8,36,-1875506
12109,2004.0,Drama,Michael Dowse,7.1,52,-1879380
27023,2009.0,Comedy,Hue Rhodes,5.9,18,-3688269
22913,1997.0,Comedy,Shane Meadows,6.3,10,0
273899,2015.0,Drama,Roland Emmerich,5.2,32,-13312326
20653,2008.0,Animation,,6.7,3,-5900000
67373,2005.0,Drama,Danny Provenzano,5.0,1,0
171759,2013.0,Adventure,Bill Muir,5.6,13,0
206296,2014.0,Comedy,Richard LaGravenese,5.5,143,0
35219,2009.0,Comedy,Noah Buschel,6.4,9,0
28260,1993.0,Comedy,Brian Yuzna,5.9,88,-1945793
7515,2005.0,Drama,Hunter Richards,6.1,96,0
13075,2006.0,Drama,Laurie Collyer,6.3,41,-1377194
335866,2015.0,Horror,Aaron Hann,6.0,333,0
13510,2008.0,Horror,James Watkins,6.7,406,3983997
215881,2013.0,Thriller,Catherine Hardwicke,5.4,40,0
18238,2009.0,Horror,Phil Claydon,5.3,124,0
22600,2008.0,Drama,Ralph Ziman,6.8,16,0
12612,2004.0,Thriller,John Simpson,6.9,18,0
50698,2011.0,Thriller,Colin Minihan,6.1,381,-1000000
115210,2012.0,Horror,Conor McMahon,5.5,92,-5000
34335,2010.0,Crime,Chris Shadley,5.2,84,-2000000
459488,2015.0,Documentary,Simon Napier-Bell,0.0,0,-2
11302,1971.0,Comedy,Woody Allen,6.7,165,9833696
119458,2012.0,Thriller,Simon Yin,3.5,2,0
20406,2007.0,Action,Jeff Crook,5.8,2,0
3766,1947.0,Crime,Orson Welles,7.2,102,-2300000
18616,2008.0,Horror,Dave Payne,4.4,27,-2000000
18808,2002.0,Action,James Cox,5.6,37,-14000000
95755,2012.0,Comedy,Jonas Åkerlund,5.7,50,-2000000
198062,2013.0,Comedy,Brad Copeland,6.7,45,0
188652,2013.0,Comedy,Paul Bunnell,6.6,8,0
174311,2013.0,Comedy,Phil Morrison,5.3,36,0
12602,1967.0,Mystery,Harald Reinl,6.3,12,0
153795,2013.0,Comedy,James Cox,5.2,46,-7000000
17768,1966.0,Comedy,Richard Lester,6.1,24,0
13516,2007.0,Documentary,Michael Moore,5.9,10,0
98549,2011.0,Action,Tanner Beard,3.9,8,0
312793,2015.0,Science Fiction,Scott Dow,4.2,35,0
309919,2015.0,Thriller,Derick Martini,4.4,24,-2000000
299553,2015.0,Thriller,Jerry Dugan,4.4,19,-2000000
21309,1986.0,Crime,Tim Hunter,6.7,59,-19000000
32235,2003.0,Fantasy,Michael Polish,6.7,24,0
329540,2015.0,Thriller,William Kaufman,5.8,49,-1950000
26388,2010.0,Drama,Rodrigo Cortés,6.6,827,17164830
49020,2011.0,Drama,Richard Ayoade,7.4,443,864659
159037,2013.0,Documentary,Jehane Noujaim,7.8,55,0
12838,2006.0,Drama,Jean-Marc Barr,5.8,12,0
157293,2013.0,Drama,Remo D'Souza,5.6,10,222000
14048,2008.0,Thriller,James Marsh,7.5,275,2957978
356987,2015.0,Drama,John Laing,5.8,27,0
295886,2015.0,Drama,Jamal Hill,6.9,21,-1900000
38358,2010.0,Horror,Daniel Stamm,5.6,328,65938090
33511,2009.0,Drama,Sam Taylor-Johnson,7.2,244,0
702,1951.0,Drama,Elia Kazan,7.6,281,6200000
935,1964.0,Drama,Stanley Kubrick,8.0,1442,7640272
542,2002.0,Drama,Carlos Carrera,6.2,36,-1800000
84175,2012.0,Drama,Benh Zeitlin,6.8,403,19307746
1705,1973.0,Action,J. Lee Thompson,5.5,215,7144595
62677,2001.0,Drama,Maggie Greenwald,5.6,9,0
50875,2011.0,Drama,Vera Farmiga,5.3,14,-1158267
260778,2015.0,Comedy,Vijay Chandar,6.7,5,0
58492,2011.0,Comedy,Morgan Spurlock,6.4,88,621951
44562,1993.0,Comedy,Jonathan Wacks,5.5,12,0
37232,2003.0,Adventure,Khyentse Norbu,6.8,9,0
4929,1968.0,Western,Ted Post,6.7,192,5000000
36334,1952.0,Crime,Richard Brooks,6.9,17,0
9783,2007.0,Horror,Tony Krantz,5.3,33,0
386826,2016.0,Thriller,Mitchell Altieri,0.0,0,0
205126,2013.0,Action,W.D. Hogan,4.2,22,-1800000
98557,2012.0,Comedy,Corey Grant,5.0,4,-1800000
104,1998.0,Action,Tom Tykwer,7.2,664,5737585
10894,2002.0,Drama,Lucky McKee,6.3,152,-349723
246449,2013.0,Adventure,Richard Boddington,4.9,19,-1493619
32579,2008.0,Drama,Patricia Riggen,7.0,28,23311391
1688,1972.0,Action,J. Lee Thompson,6.1,236,8000000
1999,2001.0,Drama,Todd Field,6.4,89,-1700000
43947,2010.0,Thriller,Steven R. Monroe,6.3,519,-1427191
24066,1999.0,Comedy,Mark Illsley,5.5,39,243649
9709,2004.0,Drama,Paweł Pawlikowski,6.0,59,0
191714,2013.0,Drama,Ritesh Batra,7.3,221,3235151
25312,2005.0,Drama,Sally Potter,5.9,7,0
34106,1938.0,Comedy,Frank Capra,7.2,79,5788365
11426,1953.0,War,Fred Zinnemann,7.2,133,28850000
13909,1949.0,Western,John Ford,7.1,61,3800000
206284,2013.0,Drama,Brad J. Silverman,6.0,24,0
27455,1999.0,Comedy,Dave Meyers,6.3,3,6033999
66468,2010.0,Drama,David M. Matthews,4.3,4,2592808
7973,2007.0,Drama,Nadine Labaki,6.8,52,0
283686,2014.0,Thriller,Lluís Quílez,4.6,55,0
15976,2006.0,Drama,Eytan Fox,7.6,20,0
592,1974.0,Crime,Francis Ford Coppola,7.5,372,2820000
74084,2006.0,Romance,Romesh Sharma,0.0,0,0
1651,1969.0,Crime,François Truffaut,6.7,32,0
25428,2003.0,Drama,Adam Goldberg,6.5,2,0
298584,2016.0,Horror,Travis Zariwny,4.4,111,0
10758,2007.0,Comedy,Adrienne Shelly,6.7,129,20179430
11690,1988.0,Action,Newt Arnold,6.6,363,10306119
3083,1939.0,Comedy,Frank Capra,7.9,241,8100000
9344,1995.0,Drama,Larry Clark,6.8,279,5912216
10707,2005.0,Comedy,Noah Baumbach,6.9,226,9598131
15647,2001.0,Comedy,Charles Herman-Wurmfeld,5.9,48,9013424
308529,2016.0,Action,John Stockwell,4.5,99,-17000000
4174,1945.0,Drama,Alfred Hitchcock,7.3,160,5500000
20156,1994.0,Drama,Atom Egoyan,6.5,64,0
9464,1998.0,Romance,Vincent Gallo,7.1,166,875097
49018,2010.0,Horror,James Wan,6.8,1737,95509150
13820,1984.0,Comedy,Alex Cox,6.7,144,800000
18079,2000.0,Crime,Fabián Bielinsky,7.4,153,-1500000
127918,2012.0,Documentary,Dror Moreh,6.5,39,0
17113,2005.0,Drama,Rebecca Miller,6.5,43,-787706
129139,2013.0,Comedy,Maggie Carey,5.5,342,2066225
507,1993.0,Action,Roger Avary,6.1,111,-1081039
4012,2001.0,Drama,Henry Bean,6.8,151,-1083075
14054,2008.0,Drama,David Gordon Green,6.5,48,414404
323271,2015.0,Thriller,Simeon Rice,3.0,1,0
10972,2001.0,Horror,Brad Anderson,6.2,251,-1126033
13066,2006.0,Comedy,Jeff Garlin,5.7,12,0
66025,2011.0,Drama,Qasim Basir,4.5,3,330048
11908,2006.0,Comedy,Adam Green,5.7,159,0
3082,1936.0,Drama,Charlie Chaplin,8.1,856,8499999
39541,2002.0,Drama,Pete Jones,6.4,9,0
1961,2007.0,Comedy,Bruce Campbell,5.9,107,-1326934
51820,2005.0,Comedy,Mark Brown,3.5,1,-1500000
291362,2015.0,Comedy,Adam Carolla,6.6,8,-1500000
30082,2005.0,Drama,Ira Sachs,6.0,2,-1500000
72913,2010.0,Drama,John Sayles,6.0,2,-1200000
23963,2009.0,Horror,Bruce McDonald,6.6,183,-1468000
29406,2008.0,Drama,James Mottern,6.8,16,-2000000
361505,2015.0,Romance,,10.0,2,-1
104755,2012.0,Horror,Rob Zombie,5.1,242,-334118
253306,2014.0,Horror,Gerard Johnstone,6.5,358,0
29595,2005.0,Documentary,Robert Greenwald,6.9,24,0
46729,2005.0,Comedy,David Ray,6.8,6,-1
294600,2013.0,Drama,David Rodriguez,6.0,1,0
137347,2013.0,Comedy,Nae Caranfil,6.4,13,-9000000
290370,2014.0,Science Fiction,David Winning,2.6,9,1500000
426469,2017.0,Comedy,Frank Lotito,7.4,7,0
356841,2015.0,Thriller,Timothy Woodward Jr.,4.2,13,0
301325,2015.0,Drama,Tara Subkoff,3.3,52,-1500000
347755,2016.0,Action,Russell Friedenberg,7.5,6,0
408,1937.0,Fantasy,David Hand,6.9,1914,183437063
44413,2004.0,Drama,Lucrecia Martel,6.8,10,-1400000
39209,1968.0,Western,Edward Dmytryk,5.4,12,1165000
48463,2004.0,Adventure,Zak Penn,5.9,18,-1
394047,2016.0,Drama,Alex Ranarivelo,5.3,6,-2000000
312791,2014.0,Horror,Jon Knautz,5.2,97,-3150000
266034,2014.0,Drama,Mathieu Amalric,6.2,32,0
280381,2014.0,Thriller,David Worth,0.0,0,0
2661,1966.0,Family,Leslie H. Martinson,6.1,203,-1377800
100,1998.0,Comedy,Guy Ritchie,7.5,1648,2547569
218500,1983.0,Western,Robert M. Young,0.0,0,0
309,1998.0,Drama,Thomas Vinterberg,7.7,207,-1300000
27845,1996.0,Comedy,Steve Buscemi,6.7,51,0
25784,2006.0,Drama,Ham Tran,5.0,1,-661000
52790,2000.0,Drama,Rich Cowan,6.5,6,619042
100275,2012.0,Horror,Boris Rodriguez,6.1,30,1632
295914,2014.0,Drama,Sadyk Sher-Niyaz,0.0,0,0
42033,1985.0,Science Fiction,Paul Donovan,2.8,10,0
19187,2003.0,Action,Jonathan Kesselman,5.9,18,-1000000
46415,2005.0,Comedy,Arjun Sablok,2.3,4,0
38570,2010.0,Comedy,Craig Moss,3.2,34,0
27588,2009.0,Drama,Tyler Oliver,5.0,66,0
223,1940.0,Drama,Alfred Hitchcock,7.7,336,4712000
9725,1981.0,Horror,Steve Miner,6.0,315,20472776
28580,1945.0,Drama,Billy Wilder,7.4,112,9750000
23730,1984.0,Horror,Douglas Cheek,5.3,62,2162497
84197,2013.0,Drama,Michael D. Olmos,5.9,10,0
46256,2011.0,Adventure,Deryck Broom,5.8,2,-15000000
19997,1953.0,Crime,Henry Hathaway,6.7,79,7250000
43266,1941.0,Drama,John Ford,6.8,72,4750000
278316,2014.0,Thriller,Spike Lee,4.1,13,0
1412,1989.0,Drama,Steven Soderbergh,6.7,185,-1200000
176,2004.0,Horror,James Wan,7.2,2184,102711669
39939,2001.0,Comedy,Jay Chandrasekhar,6.6,362,15492362
215924,2013.0,Comedy,Claudia Sainte-Luce,5.7,17,-1300000
480,2001.0,Comedy,Mira Nair,6.8,57,0
14295,2000.0,Drama,Kenneth Lonergan,6.8,88,0
11219,1955.0,Comedy,Alfred Hitchcock,6.9,149,5800000
20770,1999.0,Comedy,Jamie Babbit,6.5,101,0
176124,2013.0,Drama,David Boyd,6.3,24,1661020
500,1992.0,Crime,Quentin Tarantino,8.0,3697,13461007
60400,1940.0,Drama,Walter Lang,6.4,8,0
429,1966.0,Western,Sergio Leone,8.1,2311,4800000
310569,2015.0,Drama,Anna Muylaert,7.8,165,0
98369,2012.0,Drama,Steve Taylor,5.8,25,-1250000
114065,2003.0,Comedy,,0.0,0,0
89750,2011.0,Documentary,Léa Pool,6.8,6,-875000
49951,2007.0,Comedy,James David Pasternak,0.0,0,-1200000
86331,2011.0,Drama,Laurent Bouhnik,4.1,140,-1344000
355629,2013.0,Drama,Tom Sanchez,0.0,0,0
16433,2003.0,Crime,David Caffrey,6.0,11,0
15544,2008.0,Comedy,Adam Jay Epstein,3.9,44,0
43884,1936.0,Action,Michael Curtiz,6.8,18,1536000
107315,2011.0,Thriller,Justin Thomas Ostensen,4.4,12,0
13064,1993.0,Action,Rob Bowman,6.1,20,250263
59917,1970.0,Action,Ossie Davis,6.7,13,-1200000
157422,2015.0,Horror,Jay Alaimo,4.2,26,0
310933,2013.0,Horror,Dylan Bank,2.0,1,0
7553,2005.0,Comedy,Rob McKittrick,6.2,237,15637690
12877,2004.0,Drama,Shane Meadows,7.2,151,0
39895,1987.0,Comedy,Jeff Burr,6.8,15,300000
102840,2002.0,Documentary,,5.0,1,0
55616,2002.0,Horror,Guy Maddin,6.9,8,-1596010
29697,2006.0,Drama,Regardt van den Bergh,6.0,9,0
50037,2010.0,Fantasy,Panos Cosmatos,5.7,77,-1100000
94329,2011.0,Action,Gareth Evans,7.3,1055,3005187
53502,2010.0,Horror,Matthew R. Anderson,3.1,6,0
202604,2013.0,Horror,Joe Marino,4.4,11,0
289,1942.0,Drama,Michael Curtiz,7.9,1422,9584500
27374,2008.0,Horror,Joel Anderson,6.1,90,0
26815,2009.0,Drama,Shimit Amin,7.0,27,-1250000
811,1972.0,Adventure,Douglas Trumbull,6.3,177,-1000000
1366,1976.0,Drama,John G. Avildsen,7.5,1791,116235147
244776,2014.0,Drama,Mona Lerche,4.1,7,0
5769,1963.0,Adventure,Tony Richardson,6.1,39,36600000
277685,2015.0,Horror,Levan Gabriadze,5.5,1047,61882090
103,1976.0,Crime,Martin Scorsese,8.0,2535,26962574
11298,1981.0,Drama,Joe Dante,6.4,161,16985893
646,1962.0,Adventure,Terence Young,6.9,940,58650000
93856,2012.0,Horror,Bradley Parker,4.9,483,18112929
9003,1987.0,Horror,Clive Barker,6.9,449,13564027
347126,2016.0,Drama,Harold Cronk,5.7,72,18507567
10092,2005.0,Horror,Jeff Wadlow,5.6,126,9047674
10643,1999.0,Adventure,Takao Okawara,5.9,43,9037390
46705,2010.0,Drama,Derek Cianfrance,6.9,890,13066240
546,2005.0,Drama,Duncan Tucker,6.9,144,12350369
76487,2012.0,Thriller,William Brent Bell,4.6,262,100758490
5722,1970.0,Comedy,Russ Meyer,6.6,53,37910000
39833,1956.0,Drama,Robert D. Webb,5.5,21,8000000
1781,2006.0,Documentary,Davis Guggenheim,6.7,251,45243000
18712,1949.0,Action,Allan Dwan,6.2,33,6800000
7944,2008.0,Documentary,Martin Scorsese,7.2,44,0
171424,2014.0,Action,Eli Roth,5.0,349,1833445
361475,2016.0,Drama,Andrew Steggall,7.5,12,0
113947,2012.0,Drama,Ben Lewin,6.6,179,8138338
18570,2008.0,Documentary,Robert Kenner,7.4,217,0
83860,2011.0,Drama,Andrew Erwin,6.8,35,5355847
41469,1998.0,Comedy,Brad Anderson,6.0,20,0
244772,2014.0,Drama,Craig Johnson,6.7,292,5284309
50837,2011.0,Drama,Sean Durkin,6.7,277,3538446
248774,2014.0,Comedy,Gillian Robespierre,6.7,187,3123963
10183,2008.0,Drama,Courtney Hunt,6.7,99,0
159014,2013.0,Documentary,Morgan Neville,7.4,85,-1000000
32456,1997.0,Drama,James Toback,5.4,24,1057193
49963,1996.0,Comedy,Nicole Holofcener,6.6,7,0
13508,2006.0,Documentary,Chris Paine,7.2,59,678874
22597,2000.0,Comedy,Greg Berlanti,6.3,25,744858
9707,2002.0,Comedy,Don Coscarelli,6.7,191,-1000000
37532,1998.0,Drama,Marc Levin,6.7,7,-1
26791,2001.0,Crime,Richard Dutcher,7.3,4,-147794
56666,2000.0,Drama,Khalid Mohammed,6.1,7,-376209
8675,1997.0,Comedy,Trey Parker,6.2,115,-1000000
13132,2003.0,Drama,David Gordon Green,5.9,30,0
47686,1997.0,Comedy,,7.7,10,0
46989,2002.0,Drama,Karen Moncrieff,6.7,13,-536000
192132,2014.0,Drama,Gia Coppola,6.4,348,0
24424,2009.0,Crime,Scandar Copti,6.8,27,0
13198,2006.0,Comedy,Goran Dukic,6.7,160,0
244267,2014.0,Science Fiction,Mike Cahill,7.5,1063,336472
21413,2003.0,Comedy,Kyle Rankin,5.6,17,-1000000
123678,2012.0,Documentary,Joshua Oppenheimer,7.5,210,-555425
13362,2007.0,Documentary,Alex Gibney,6.6,53,-725339
39183,2006.0,Documentary,Paul Crowder,4.7,3,-1000000
62402,2004.0,Drama,Rohit Jagessar,2.8,3,0
201132,2013.0,Drama,Anthony Powell,7.2,29,-1000000
251471,2015.0,Documentary,Kief Davidson,6.4,55,-650000
112456,2012.0,Drama,Johnny Remo,4.7,5,-1000000
20296,2005.0,Thriller,Vivek Agnihotri,3.4,6,0
25983,2009.0,Mystery,Ti West,6.0,197,0
66195,2010.0,Comedy,Nick Tomnay,6.2,135,14870
16155,1998.0,Comedy,John Hamburg,6.3,16,0
46727,1999.0,Romance,Nickolas Perry,5.2,7,-1000000
55180,1998.0,Comedy,Dan Zukovic,6.0,3,0
29015,2000.0,Action,Craig Mazin,5.5,11,0
91122,2009.0,Comedy,Becky Smith,4.4,5,0
18206,2006.0,Crime,Eric Nicholas,6.2,20,-989982
320146,2016.0,Drama,Benjamin Dickinson,5.4,25,-1000000
13856,2006.0,Drama,Hal Haberman,6.6,32,-992798
43630,2005.0,Action,,4.8,2,0
56491,2006.0,Drama,Brian Trenchard-Smith,3.3,9,0
99826,2002.0,Comedy,Frank Whaley,8.0,1,0
186935,2013.0,Crime,Amat Escalante,6.2,32,-1000000
357441,2015.0,Family,,8.0,1,0
19344,2006.0,Drama,Katherine Brooks,6.4,55,-900000
242083,2014.0,Drama,David Cross,4.9,23,-1000000
18869,2006.0,Action,Randall Rubin,5.4,8,0
26673,2009.0,Comedy,Robert Bennett,3.5,4,0
41830,1965.0,Drama,Guy Hamilton,6.1,6,0
37694,2004.0,Drama,Mary Pat Kelly,5.5,3,0
63287,2008.0,Drama,Lori Petty,6.1,47,0
34592,2009.0,Horror,Kevin Hamedani,4.7,31,0
92635,2012.0,Horror,David DeCoteau,4.8,11,-1000000
258755,2014.0,Romance,Mikel Rueda,7.6,26,0
96534,2011.0,Comedy,Stefan C. Schaefer,5.7,3,-1000000
21283,2009.0,Comedy,Michael Taliferro,5.0,4,0
272724,2014.0,Western,David DeCoteau,3.2,3,-1000000
84178,2012.0,Thriller,Katie Aselton,4.9,78,0
101179,2012.0,Horror,Robert Heath,5.7,117,0
52462,2006.0,Drama,D. Stevens,5.3,3,0
269057,2014.0,Science Fiction,Jeffrey St. Jules,6.6,8,-1000000
287524,2014.0,Horror,Robert Hall,4.0,42,-1
206213,2013.0,Comedy,Kevin King,3.5,34,0
248402,2014.0,Drama,Jonathan Meyers,4.1,7,0
29146,1968.0,Drama,Ralph Nelson,6.6,28,-135334
207769,2013.0,Horror,Blair Erickson,5.7,92,-950000
271185,2014.0,Drama,Allison Burnett,5.5,155,-950000
29731,2007.0,Comedy,Richard Schenkman,5.0,1,0
292539,2014.0,Documentary,Sanjay Rawal,7.4,8,-913000
654,1954.0,Crime,Elia Kazan,8.0,357,8690000
91070,2011.0,Comedy,Kat Coiro,5.3,66,-899095
2009,2007.0,Drama,Cristian Mungiu,7.3,156,333273
323270,2015.0,Horror,Joseph Graham,5.0,2,0
2652,2005.0,Drama,David Slade,6.8,701,6072209
9813,2005.0,Drama,Jamie Babbit,6.1,73,-518580
60421,2011.0,Drama,Maryam Keshavarz,7.4,23,0
157354,2013.0,Drama,Ryan Coogler,7.3,390,17385830
127867,2012.0,Comedy,Ramaa Mosley,5.8,160,0
3170,1942.0,Animation,David Hand,6.8,1405,266589150
14014,2007.0,Comedy,Charles Herman-Wurmfeld,6.5,15,0
15708,2003.0,Drama,C. Jay Cox,6.7,56,-30061
146882,2011.0,Drama,Mariette Monpierre,0.0,0,0
215918,2013.0,Drama,Tommy Oliver,5.0,1,-1000000
84200,2012.0,Comedy,Jamie Travis,5.8,110,393961
84184,2012.0,Comedy,Lee Toland Krieger,6.4,163,3094813
45767,2002.0,Comedy,Rich Christiano,5.2,9,0
14823,2006.0,Crime,Paul Andrew Williams,6.5,34,0
367551,2015.0,Action,Nick Love,5.0,62,0
343409,2015.0,Thriller,Natalie Bible',2.0,1,0
60243,2011.0,Drama,Asghar Farhadi,7.7,469,-800000
57294,2009.0,Comedy,Justin Molotnikov,7.0,1,0
11446,1995.0,Comedy,Todd Solondz,6.9,103,0
47889,1993.0,Drama,Victor Nunez,5.6,10,201437
25461,2002.0,Drama,Peter Sollett,7.8,13,2016116
905,1929.0,Drama,G.W. Pabst,7.6,45,0
78705,2004.0,Drama,Jorge Gaggero,7.8,3,0
25212,2000.0,Action,Rod Lurie,6.1,7,0
26899,2003.0,Drama,Michael Burke,7.3,23,-737148
146269,2000.0,Drama,Catherine Jelski,0.0,0,0
292483,2014.0,Comedy,Shane Dawson,3.7,25,0
14451,2009.0,Horror,Tommy Wirkola,6.1,311,1184662
10105,2003.0,Action,Ryan Little,6.6,98,-780000
211557,2012.0,Horror,Clark Baker,5.9,8,0
838,1973.0,Comedy,George Lucas,6.9,324,139223000
40862,2006.0,Documentary,Robert Greenwald,8.0,6,0
13158,2007.0,Animation,Dave Willis,6.5,35,0
84332,2012.0,Comedy,Colin Trevorrow,6.8,556,3257792
74510,2011.0,Comedy,Tim Story,7.7,43,0
74725,2011.0,Horror,Ben Wheatley,6.0,210,-328240
58428,2011.0,Horror,Ti West,5.4,219,-671604
8416,1970.0,Drama,Bernardo Bertolucci,7.6,127,-750000
36584,2002.0,Drama,Neil Burger,5.6,5,-500000
13429,2008.0,Horror,Olly Blackburn,4.5,52,0
9022,2008.0,Horror,Jonathan Levine,5.7,209,-750000
22530,2008.0,Horror,Christopher Hutson,3.8,4,0
288,1952.0,Western,Fred Zinnemann,7.6,334,7270000
14275,1994.0,Documentary,Steve James,7.7,87,7130611
2287,2005.0,Documentary,David LaChapelle,5.9,13,0
18734,2001.0,Drama,Michael Cuesta,6.7,31,967192
206197,2015.0,Mystery,Caryn Waechter,6.5,31,0
26837,2009.0,Crime,Emily Dell,5.5,7,0
7859,2006.0,Drama,Ryan Fleck,6.5,240,4211725
302579,1999.0,Drama,Valerie Red-Horse,0.0,0,-689492
51955,1997.0,Action,Christopher Scott Cherot,0.0,0,0
376004,2016.0,Thriller,H.M. Coakley,5.2,16,-750000
158752,2013.0,Horror,Randy Moore,4.8,87,-650
40658,2009.0,Documentary,Chris Atkins,6.2,5,0
296943,2014.0,Documentary,Bill Benenson,0.0,0,0
118612,2012.0,Mystery,Ryan Smith,5.6,63,0
138976,2013.0,Drama,Travis Romero,4.8,5,-625000
323967,2015.0,Drama,Anna Mastro,5.3,26,-700000
3080,1935.0,Comedy,Mark Sandrich,7.4,59,2593000
2667,1999.0,Horror,Daniel Myrick,6.3,1055,247940000
9459,1970.0,History,Michael Wadleigh,7.1,66,33905110
11598,1977.0,Comedy,John Landis,6.4,66,-600000
26916,2000.0,Action,Jon Gunn,5.5,2,0
181940,2007.0,Thriller,Gene Teigland,0.0,0,0
125263,1998.0,Drama,Scott Ziehl,6.0,2,0
263503,2014.0,Crime,Richard Montoya,3.0,1,0
324322,2015.0,Music,Johanna Schwartz,5.0,1,-522360
375950,2016.0,Drama,Thomas Lilti,6.0,63,0
278348,2014.0,Thriller,Michael Walker,4.8,4,0
704,1964.0,Comedy,Richard Lester,7.3,168,11739668
70875,2011.0,Documentary,U. Roberto Romano,0.0,0,-56000
75986,1983.0,Drama,Amy Holden Jones,4.6,4,-550000
385636,2015.0,Comedy,Blaž Završnik,6.0,1,0
14438,2008.0,Drama,Alex Kendrick,7.0,100,32956317
211086,2013.0,Documentary,Pan Nalin,4.2,3,-550000
23069,1974.0,Adventure,Joe Camp,6.1,35,0
83,2004.0,Drama,Chris Kentis,5.4,315,54537954
89857,2012.0,Comedy,Matt Walsh,5.8,22,0
30315,1977.0,Horror,John 'Bud' Cardos,5.7,30,16500000
14358,2005.0,Documentary,Marilyn Agrelo,7.2,8,0
2056,2003.0,Drama,Tom McCarthy,7.4,210,8179814
41144,2009.0,Drama,Brian Baugh,6.2,21,0
35199,2006.0,Documentary,Patrick Creadon,7.3,10,0
14271,1999.0,Documentary,Barry W. Blaustein,7.8,17,-1553648
16653,2002.0,Comedy,Kurt Hale,7.5,4,0
14757,2003.0,Drama,Siddiq Barmak,6.3,32,-46000
84401,2012.0,Documentary,Joseph Dorman,7.0,2,345188
23655,2000.0,Drama,Greg Harrison,5.6,6,0
36825,2003.0,Comedy,Kurt Hale,4.8,4,0
33430,1999.0,Drama,Michael Polish,7.0,11,0
12281,2004.0,Crime,Jacob Aaron Estes,6.9,106,103943
125052,1997.0,Romance,Morgan J. Freeman,4.8,4,0
96238,2002.0,Comedy,Eric Schaeffer,4.0,3,0
30246,2003.0,Crime,Neema Barnette,5.3,4,0
7301,2005.0,Comedy,Steve Buscemi,6.4,26,0
172533,2013.0,Romance,Joe Swanberg,6.0,356,343341
180383,2012.0,Documentary,Molly Bernstein,7.1,17,-500000
346,1954.0,Action,Akira Kurosawa,8.2,878,-1728159
84318,2012.0,Documentary,Marius Markevicius,6.9,7,0
45145,1991.0,Comedy,Tom DiCillo,4.7,13,-500000
13983,2007.0,Comedy,Justin Lin,4.9,8,0
45649,2010.0,Comedy,Quentin Dupieux,5.7,251,-401983
19844,2007.0,Drama,C. Jay Cox,4.2,11,0
21801,2002.0,Drama,Alex Smith,6.2,9,0
43933,2010.0,Drama,Gareth Edwards,6.2,587,3742978
73511,2005.0,Drama,Jonathan Parker,4.0,1,0
43653,2007.0,Comedy,Sol Tryon,5.0,1,0
139715,2012.0,Comedy,Alex Craig Mann,4.5,34,-500000
45380,2006.0,Action,Ning Hao,6.9,22,0
30867,2006.0,Documentary,Stephen Kijak,7.0,8,0
81220,2001.0,Drama,Marc Forster,5.0,2,-500000
253626,2015.0,Action,Andrew Niccol,5.9,208,316472
90369,2012.0,Drama,Ol Parker,7.3,371,0
117942,2012.0,Horror,Michael Hoffman Jr.,3.5,14,-500000
322194,2015.0,Action,Georgia Hilton,3.4,4,0
98568,2011.0,Mystery,Jack Heller,6.5,49,0
119657,2012.0,Crime,Fernando Baez Mella,0.0,0,-500
380733,2016.0,Romance,Warren Sheppard,5.2,3,0
285743,2016.0,Music,Darren Lynn Bousman,6.0,2,0
362765,2014.0,Thriller,Justin Paul Miller,0.0,0,0
379532,2016.0,Family,Joel Paul Reisig,5.5,1,0
253261,2014.0,Documentary,Catherine Gund,5.0,1,0
15239,1984.0,Science Fiction,Lloyd Kaufman,6.3,113,0
94072,1991.0,Drama,Matty Rich,4.3,4,0
4107,2002.0,Action,Paul Greengrass,7.2,53,773228
15624,2006.0,Drama,Hans Canosa,6.2,38,523525
17287,2006.0,Horror,Lloyd Kaufman,5.9,41,0
3062,1933.0,Music,Lloyd Bacon,6.1,37,1842000
15389,1990.0,Comedy,Whit Stillman,7.0,38,-225000
464,2004.0,Romance,Kay Pollak,6.9,42,0
308467,2013.0,Horror,Eric England,4.2,5,0
8193,2004.0,Comedy,Jared Hess,6.7,554,45718097
188166,2014.0,Crime,Jeremy Saulnier,6.9,462,258384
23827,2007.0,Horror,Oren Peli,5.9,1316,193340800
1282,2001.0,Documentary,Stacy Peralta,7.2,52,0
762,1975.0,Adventure,Terry Gilliam,7.8,1708,4628948
64499,2006.0,Drama,Richard Glatzer,7.0,7,0
1435,2003.0,Documentary,Jonathan Caouette,7.5,22,1161796
47546,2010.0,Documentary,,3.8,5,0
189711,2014.0,Horror,Matt Jackson,5.0,2,0
19204,1981.0,Horror,Lucio Fulci,6.6,117,0
9029,2008.0,Comedy,Tom Vaughan,5.8,923,135000000
18045,2005.0,Horror,Paul Fox,5.5,22,-500000
11240,1985.0,Romance,Stephen Frears,6.6,51,1591545
43743,2002.0,Drama,,0.0,0,0
157909,2004.0,Drama,Cassandra Nicolaou,5.6,4,0
10238,1972.0,Drama,Ingmar Bergman,7.8,115,0
3059,1916.0,Drama,D.W. Griffith,7.4,60,8008844
15800,1997.0,Documentary,Roger Nygard,6.3,22,0
65203,1929.0,Drama,Harry Beaumont,5.0,19,3979000
764,1981.0,Horror,Sam Raimi,7.3,894,29050000
103620,2012.0,Horror,Franck Khalfoun,6.0,316,-5968919
319069,2015.0,History,Mor Loushy,5.1,8,0
14278,2005.0,Documentary,Henry Alex Rubin,6.9,23,1450211
25678,1987.0,Action,Sam Firstenberg,4.9,49,0
79161,2006.0,Documentary,Doug Block,6.8,6,0
371690,2015.0,Science Fiction,Chad Kapper,4.7,3,-350000
389,1957.0,Drama,Sidney Lumet,8.2,2078,650000
52032,2009.0,Animation,Paul Fierlinger,7.6,9,246574
3078,1934.0,Comedy,Frank Capra,7.7,275,4175000
38810,2009.0,Drama,Yorgos Lanthimos,6.9,332,110197
21525,2003.0,Music,Lauren Lazin,8.0,26,7508524
55123,1999.0,Comedy,Gavin O'Connor,6.2,11,969176
11980,1995.0,Fantasy,Gregory Widen,6.4,138,8
11956,1996.0,Comedy,Cédric Klapisch,6.1,16,0
1550,2003.0,Comedy,Peter Hedges,6.4,64,-300000
26518,2006.0,Drama,Kelly Reichardt,6.3,36,-300000
8942,2008.0,Drama,Kelly Reichardt,6.4,64,-200000
68412,2010.0,Drama,Eric Mendelsohn,4.8,4,0
2786,1965.0,Drama,Jean-Luc Godard,7.6,127,-300000
87943,2005.0,Documentary,Kim Longinotto,7.3,2,0
73981,2001.0,Documentary,Pan Nalin,5.5,3,1774000
91721,1964.0,Drama,Michael Roemer,7.0,2,0
118452,1998.0,Drama,Jesse Peretz,3.0,1,-259458
47534,2005.0,Action,Eddie O'Flaherty,5.3,4,0
40914,2009.0,Action,Babar Ahmed,2.8,6,0
13282,1975.0,Action,Paul Bartel,5.9,124,7700000
250184,2014.0,Horror,Jason Marsden,6.8,3,0
426067,1990.0,Horror,Pece Dingo,0.0,0,0
324352,2010.0,Romance,Jerome Elston Scott,0.0,0,-300000
318040,2015.0,Drama,Étienne Faure,6.2,11,0
27420,1981.0,Horror,Herb Freed,5.0,22,0
80468,2011.0,Comedy,Jack Perez,5.7,45,-300000
84188,2012.0,Drama,Craig Zobel,6.3,221,319285
2255,1997.0,Comedy,Kevin Smith,6.7,433,11771272
50035,2001.0,Comedy,Nicole Holofcener,6.3,23,3936931
14290,2002.0,Crime,Justin Lin,6.5,27,0
29371,1995.0,Comedy,Maria Maggenti,5.7,13,0
44490,2000.0,Comedy,Miguel Arteta,5.7,16,0
32222,2001.0,Drama,Piyush Dinker Pandya,5.0,4,-250000
378237,2014.0,Drama,,0.0,0,-300000
431,1997.0,Thriller,Vincenzo Natali,6.9,1069,251818
76996,1996.0,Comedy,Emma-Kate Croghan,5.8,9,0
51942,1998.0,Drama,Bill Plympton,7.5,12,-47
1424,2004.0,Drama,Greg Harrison,4.9,11,0
60420,2011.0,Drama,Drake Doremus,6.4,381,3292353
325123,2015.0,Horror,,3.0,1,0
142132,1999.0,Comedy,Allison Anders,5.5,2,0
20520,2005.0,Drama,Michael Kang,7.0,3,0
109729,2013.0,Thriller,Paul Schrader,4.1,75,-193175
78307,2004.0,Drama,Lori Silverbush,5.9,6,0
12247,2007.0,Drama,Jeff Nichols,6.9,57,0
29917,2009.0,Thriller,Stuart Hazeldine,6.6,523,0
70687,1997.0,Science Fiction,Hilary Brougher,4.8,3,-250000
60463,2008.0,Music,Rachel Goldenberg,5.5,4,0
46252,2010.0,Drama,Corbin Bernsen,0.0,0,0
24869,2009.0,Action,Jamin Winans,6.4,101,-250000
77934,2010.0,Drama,Tom Seidman ,5.7,7,-250000
34697,1982.0,Crime,Matt Cimber,5.0,12,0
150211,2012.0,Horror,Andrew Hyatt,4.2,14,0
306667,2015.0,Family,Joel Paul Reisig,5.5,2,0
274758,2014.0,Documentary,Kristin Rizzo,0.0,0,0
3060,1925.0,Drama,King Vidor,7.0,21,21755000
40963,2006.0,Comedy,,10.0,1,0
173224,2013.0,Romance,Zoran Lisinac,7.7,3,-250
18533,2008.0,Drama,Nicolas Winding Refn,6.9,733,2030712
376010,2015.0,Western,James O'Brien,0.0,0,0
139948,2012.0,Foreign,Tom Putnam,6.9,6,-113700
77332,2000.0,Romance,Jon Matthews,5.2,10,0
70478,1969.0,Comedy,Al Silliman Jr.,4.3,5,26900000
35073,1953.0,Adventure,Eugène Lourié,6.7,41,4790000
9659,1979.0,Adventure,George Miller,6.6,1213,99600000
10218,1996.0,Comedy,Doug Liman,6.8,253,4305922
391,1964.0,Western,Sergio Leone,7.6,883,14300000
43595,1933.0,Comedy,Lowell Sherman,5.1,27,2000000
54897,2011.0,Drama,David Evans ,6.5,10,2095733
83588,2012.0,Drama,Ava DuVernay,6.6,7,0
53256,2010.0,Romance,Tom Tykwer,6.3,31,2611555
40920,2002.0,Music,Sherman Alexie,8.0,2,-200000
287815,2008.0,Documentary,Justin Dillon,8.0,1,0
54702,2004.0,Crime,Stevan Mena,4.9,14,-450000
69270,2010.0,Horror,Eric Valette,4.6,24,-13000000
5759,2008.0,Drama,Jay Duplass,5.8,23,0
402515,2014.0,Horror,Livingston Oden,0.0,0,0
126141,2004.0,Documentary,Chris Marker,7.7,3,0
48035,1955.0,Drama,Carl Theodor Dreyer,7.8,65,0
14758,2008.0,Comedy,Marianna Palka,6.1,34,0
13363,2007.0,Science Fiction,Richard Schenkman,7.7,687,0
37985,2007.0,Documentary,Ricki Stern,6.8,4,0
25786,2004.0,Drama,Nadia Tass,4.6,9,0
36549,2008.0,Drama,James Kerwin,6.0,4,0
361398,2015.0,Music,Darren Press,0.0,0,0
289180,2014.0,Thriller,Rania Attieh,6.5,4,0
288927,2014.0,Drama,Sharon Greytak,0.0,0,0
21334,1997.0,Drama,Majid Majidi,7.8,112,720000
79120,2011.0,Drama,Andrew Haigh,7.4,163,461947
27995,1986.0,Comedy,Spike Lee,6.1,25,0
253290,2014.0,Documentary,Cary Bell,0.0,0,0
344466,2015.0,Drama,Nicolae Constantin Tanase,0.0,0,0
55420,2011.0,Drama,Mike Cahill,6.8,527,1676935
5822,1971.0,Action,Melvin Van Peebles,4.6,18,15050000
408429,2014.0,Drama,Ken Roht,5.0,1,-200
39141,2002.0,Comedy,Gary Winick,5.5,19,2741288
5723,2007.0,Drama,John Carney,7.3,453,20550513
28666,1999.0,Drama,Robinson Devor,4.9,4,0
30979,2009.0,Documentary,Michel O. Scott,5.5,2,0
50497,2012.0,Thriller,Pat Holden,5.8,49,0
354624,2015.0,Action,Eric Bugbee,0.0,0,0
13187,1965.0,Animation,Bill Melendez,7.5,153,0
335244,2015.0,Documentary,Dena Seidel,0.0,0,0
178862,2013.0,Documentary,Deborah Anderson,7.2,11,0
331745,2014.0,Documentary,Sara Newens,6.8,6,0
1779,1989.0,Documentary,Michael Moore,7.4,90,6546368
86812,2011.0,Science Fiction,Zal Batmanglij,6.3,108,0
84355,2011.0,Drama,Lynn Shelton,6.5,137,3075000
18632,2007.0,Comedy,David Hewlett,5.9,24,-120000
40652,1964.0,Drama,Jean-Luc Godard,7.1,20,-120000
339408,2016.0,Drama,Nate Parker,6.5,178,7361566
266857,2003.0,Comedy,Nathan Smith Jones,0.0,0,0
18925,2006.0,Drama,Alex Kendrick,6.6,64,10078331
299245,2015.0,Horror,Travis Cluff,4.9,361,42564410
985,1977.0,Drama,David Lynch,7.5,485,6990000
34101,1987.0,Comedy,Robert Townsend,5.7,19,0
9821,1998.0,Comedy,Peter Chelsom,7.1,51,0
65448,1979.0,Action,Jamaa Fanaka,4.9,8,0
18841,2001.0,Comedy,Larry Blamire,6.5,30,0
272726,2014.0,Family,Stephen Langford,0.0,0,0
175291,2013.0,Drama,E.L. Katz,6.3,155,0
80215,2012.0,Documentary,Lisanne Pajot,7.4,203,0
13538,2007.0,Thriller,Dan Reed,5.2,40,0
51130,1948.0,Crime,John Reinhardt,7.0,2,0
270554,2013.0,Thriller,Patrick Ryan Sims,5.0,1,0
72086,1971.0,Crime,László Benedek,7.3,6,0
268917,2014.0,Documentary,Jason Miller,5.5,2,-100
64973,2005.0,Documentary,Sut Jhally,6.4,4,0
473,1998.0,Mystery,Darren Aronofsky,7.1,586,3161152
90414,1997.0,Comedy,Julie Davis,6.0,1,0
111794,1998.0,Romance,Myles Berkowitz,3.7,3,0
360188,2015.0,Science Fiction,Brett Piper,3.3,3,-75000
9372,2004.0,Documentary,Morgan Spurlock,6.6,506,28510078
85860,2011.0,Comedy,Brandon Trost,4.5,11,0
244534,2014.0,Comedy,Joe Swanberg,5.2,58,0
33468,1962.0,Horror,Joseph Green,4.4,32,-62000
294086,2014.0,Drama,Wade Gasque,6.4,4,0
139998,2012.0,Drama,Daniel Schechter,6.7,10,0
74777,2011.0,Mystery,Mike Flanagan,5.8,121,-70000
16388,1995.0,Comedy,Edward Burns,6.3,23,0
159770,2013.0,Drama,Matt Johnson,6.0,42,0
42109,1983.0,Drama,Bruno Barreto,6.0,2,0
47607,2010.0,Romance,Lena Dunham,5.6,59,351498
193603,2012.0,Thriller,Terron R. Parsons,5.1,6,-60000
84659,2006.0,Drama,Daniel Mellitz,5.0,1,0
322745,2015.0,Documentary,Jem Cohen,8.3,3,-50000
20981,2005.0,Horror,Andrew Leman,6.9,41,-50000
174362,2013.0,Documentary,Dave Carroll,5.0,1,0
242095,2014.0,Thriller,William Eubank,5.8,631,-3399104
250902,2013.0,Documentary,Patrick Meaney,5.7,3,-50000
158895,2013.0,Drama,Chad Hartigan,6.6,4,0
222250,2013.0,Comedy,Malcolm Goodwin,6.8,2,0
18292,2000.0,Drama,David Gordon Green,6.4,36,0
125537,1999.0,Comedy,Kevin Jordan,7.0,1,0
326576,2014.0,Thriller,Kirk Loudon,2.0,1,0
228550,2011.0,Horror,Travis Legge,3.2,8,0
13963,1978.0,Documentary,Martin Scorsese,7.9,64,321952
290391,2015.0,Thriller,Collin Joseph Neal,3.5,2,-50000
44770,2009.0,Drama,Bradley Rust Gray,6.4,15,0
69382,2007.0,Action,Mike Bruce,0.0,0,0
40769,2005.0,Drama,Andrew Bujalski,6.1,8,-500000
220490,2013.0,Horror,Damir Catic,0.0,0,0
42151,2009.0,Drama,Ben Wheatley,6.3,26,-21192
2292,1994.0,Comedy,Kevin Smith,7.4,755,3124130
42497,1971.0,Drama,James Bidgood,6.0,9,-27000
33693,2002.0,Drama,Andrew Bujalski,6.3,8,76901
14585,1997.0,Comedy,Neil LaBute,6.8,44,0
185465,2002.0,Drama,Eric Eason,5.5,2,0
38780,2009.0,Action,Uwe Boll,6.0,131,0
14022,1990.0,Comedy,Richard Linklater,6.4,77,0
366967,2015.0,Thriller,Joseph Mazzella,0.0,0,0
255266,2013.0,Comedy,Travis Legge,6.0,1,-22000
17345,2003.0,Drama,Alex Kendrick,6.8,19,0
226458,2015.0,Thriller,Marcus Nispel,4.7,79,0
24055,2005.0,Drama,Jay Duplass,6.2,15,0
287625,2014.0,Drama,Jim Chuchu,0.0,0,0
44990,2009.0,Comedy,Daryl Wein,5.6,12,0
86304,2011.0,Science Fiction,Jason Trost,4.2,13,0
692,1972.0,Horror,John Waters,6.2,110,5988000
39851,2004.0,Drama,Olivier Assayas,6.7,17,0
13898,2000.0,Drama,Jafar Panahi,6.6,17,0
157185,2007.0,Horror,Ivan Kavanagh,2.0,1,-13
36095,1997.0,Crime,Kiyoshi Kurosawa,7.4,63,79000
182291,2004.0,Drama,Tadeo Garcia,6.0,2,0
286939,2012.0,Thriller,Thomas L. Phillips,0.0,0,0
124606,1995.0,Drama,Ash Baron-Cohen,6.0,1,0
14337,2004.0,Science Fiction,Shane Carruth,6.9,658,417760
67238,2005.0,Foreign,Neill Dela Llana,7.5,2,0
9367,1992.0,Action,Robert Rodriguez,6.6,238,1820920
72766,2011.0,Comedy,Edward Burns,5.9,5,-9000
231617,2013.0,Comedy,Scott Smith,7.0,6,0
25975,2005.0,Documentary,Brian Herzlinger,6.3,16,0
